# --- Sample dataset

# --- !Ups

insert into userx (username,name,password) values ( 'bejo','bejo t','password');

INSERT INTO faculty (id, name) VALUES
(54201, 'Pertanian'),
(63201, 'fia'),
(74201, 'hukum');

INSERT INTO student (id, name, nim, faculty_id) VALUES
(511, 'ALI IMRON                     ', '0410404405     ', 54201),
(512, 'ANDINI S.                     ', '0410404406     ', 54201),
(513, 'AGUSTINA M.                   ', '0410404407     ', 54201),
(514, 'HAIRUL MUKMININ               ', '0410404408     ', 54201),
(515, 'AKHMAD BHAIHAKI               ', '0410404409     ', 54201),
(516, 'ACHMAD SUHARI                 ', '0410404410     ', 54201),
(517, 'LUT SISWATI                   ', '0410404411     ', 54201),
(518, 'AGUS WINARNO                  ', '0410404412     ', 54201),
(519, 'DWIYANTI                      ', '0410404413     ', 54201),
(520, 'CRISTINE MARLINI              ', '0410404414     ', 54201),
(521, 'CHOIRUDIN                     ', '0410404415     ', 54201),
(522, 'DENY SISWONDO                 ', '0410404416     ', 54201),
(523, 'M. JUHERI S.                  ', '0410404417     ', 54201),
(524, 'MOH YUSUF                     ', '0410404418     ', 54201),
(525, 'MAGDALINA K.                  ', '0410404419     ', 54201),
(526, 'KURNIAWATI                    ', '0410404420     ', 54201),
(527, 'M. JAMIN                      ', '0410404421     ', 54201),
(528, 'SOBIRIN                       ', '0410404422     ', 54201),
(529, 'RATMIN EKA                    ', '0410404423     ', 54201),
(530, 'RUDI ISWONO                   ', '0410404424     ', 54201),
(531, 'NYIMAS NUNIN A. B.            ', '0410404425     ', 54201),
(532, 'SUYANTO                       ', '0410404426     ', 54201),
(533, 'SUHARTATIK                    ', '0410404427     ', 54201),
(534, 'SALIM                         ', '0410404428     ', 54201),
(535, 'TEGUH WIDODO                  ', '0410404429     ', 54201),
(536, 'SUKARNO                       ', '0410404430     ', 54201),
(537, 'VIRONI EKA KURNIA             ', '0410404431     ', 54201),
(538, 'WAHYU EKA RAHAYU              ', '0410404432     ', 54201),
(539, 'INDRA HENDRAWAN               ', '0410404433     ', 54201),
(540, 'MUKIYAR ARIF                  ', '0410404434     ', 54201),
(541, 'SUDIYAH                       ', '0410404435     ', 54201),
(542, 'JUARIANTO                     ', '0510404402     ', 54201),
(543, 'ALI ROHMAN                    ', '0510404440     ', 54201),
(544, 'BARNENDA WIBAWA PUTRA         ', '0510404441     ', 54201),
(545, 'MUHAMAD WAHYUDI               ', '0510404443     ', 54201),
(546, 'ROBIBINOR                     ', '0510404444     ', 54201),
(547, 'ARIEF BUDI S                  ', '0510404506     ', 54201),
(548, 'ARFIN INDRA CAHYADI           ', '0610404510     ', 54201),
(549, 'MOCHAMMAD ABDUL BAHRON        ', '0610404511     ', 54201),
(550, 'SUPAJI                        ', '0610404512     ', 54201),
(551, 'ALEX NAFRIANTO                ', '0610404513     ', 54201),
(552, 'MOCHAMMAD EDY SUGIARTO        ', '0610404514     ', 54201),
(553, 'YUSUF FASYIM                  ', '0610404515     ', 54201),
(554, 'AKHDIYAT RIZKI ANUGRAH        ', '0610404516     ', 54201),
(555, 'ABDUL ROHMAN                  ', '0610404517     ', 54201),
(556, 'HANDOYO                       ', '0610404518     ', 54201),
(557, 'ADIKARYA BUDICAHYONO          ', '0610404519     ', 54201),
(558, 'KARINO ADI                    ', '0610404520     ', 54201),
(559, 'I NYOMAN MARHADI              ', '0610404521     ', 54201),
(560, 'HADI HANDOKO                  ', '0610404522     ', 54201),
(561, 'BAHRUL ALAM                   ', '0610404523     ', 54201),
(562, 'ACHMAD NUR IKSAN              ', '0754201526     ', 54201),
(563, 'AKHMAD TOHA                   ', '0754201527     ', 54201),
(564, 'ALEN INDRA P                  ', '0754201528     ', 54201),
(565, 'ANAS SATRIYA WICAKSONO        ', '0754201529     ', 54201),
(566, 'BAMBANG FIBRIANTO             ', '0754201530     ', 54201),
(567, 'DIDIN SILVIANTO MERCUS        ', '0754201531     ', 54201),
(568, 'EDHIT YULIAN PRASTIWI         ', '0754201532     ', 54201),
(569, 'HASAN RAHMAT                  ', '0754201533     ', 54201),
(570, 'INDRA PURWANTO                ', '0754201534     ', 54201),
(571, 'KHOTIMAH                      ', '0754201535     ', 54201),
(572, 'MASHURI                       ', '0754201536     ', 54201),
(573, 'MISNAJI                       ', '0754201537     ', 54201),
(574, 'MUHAMMAD SHOIM                ', '0754201538     ', 54201),
(575, 'MUHAMMAD SUBHAN BAIDOWI       ', '0754201539     ', 54201),
(576, 'MUHAMMAD SUNARDI              ', '0754201540     ', 54201),
(577, 'NUR AFIYAH                    ', '0754201541     ', 54201),
(578, 'SAUKI                         ', '0754201542     ', 54201),
(579, 'SISWANDI                      ', '0754201543     ', 54201),
(580, 'TITUK YUNAENI                 ', '0754201544     ', 54201),
(581, 'RAHMAD EFENDI                 ', '0854201549     ', 54201),
(582, 'FEBI EKA WICAKSONO            ', '0854201550     ', 54201),
(583, 'HERI DWI NARKO                ', '0854201551     ', 54201),
(584, 'MOHAMMAD ROIS ANDIK           ', '0854201552     ', 54201),
(585, 'NUR ARDHIANSYAH               ', '0854201553     ', 54201),
(586, 'PURNOMO                       ', '0854201554     ', 54201),
(587, 'ANDI MARWANTO                 ', '0854201555     ', 54201),
(588, 'ZAINUL FUAD                   ', '0854201556     ', 54201),
(589, 'SHOLIKIN                      ', '0854201557     ', 54201),
(590, 'SRI WIDAYATI                  ', '0854201558     ', 54201),
(591, 'DWI AGUS DARMAWAN             ', '0854201559     ', 54201),
(592, 'WAKIDATUN NIKMAH              ', '0854201560     ', 54201),
(593, 'RAHMAD EFENDI                 ', '0854210555     ', 54201),
(594, 'ARIK ARINI                    ', '0954201561     ', 54201),
(595, 'DANO WINGGA KURNIAWAN         ', '0954201562     ', 54201),
(596, 'DWI RAHMA PRIHASTINI          ', '0954201563     ', 54201),
(597, 'ERINDA AYU SAPUTRI            ', '0954201564     ', 54201),
(598, 'HENDRI SUDARMAWAN             ', '0954201565     ', 54201),
(599, 'HERMAWAN SAPUTRA              ', '0954201566     ', 54201),
(600, 'ITTANG DWI SUDARRAHARJO WIJAYA', '0954201567     ', 54201),
(601, 'ADNAN QISTI MAULI             ', '0954201568     ', 54201),
(602, 'JEPRI DWI SUGIARTO            ', '0954201569     ', 54201),
(603, 'GUGU FIAN T                   ', '0954201570     ', 54201),
(604, 'MUCHAMMAD NUR ICHSAN          ', '0954201571     ', 54201),
(605, 'MUHAMAD RIDWAN                ', '0954201572     ', 54201),
(606, 'MULYADI                       ', '0954201573     ', 54201),
(607, 'SISKA INDRIYANTI              ', '0954201574     ', 54201),
(608, 'TOTOK SUGIANTO                ', '0954201575     ', 54201),
(609, 'YASID                         ', '0954201576     ', 54201),
(610, 'ZAINUL AFANDI                 ', '0954201577     ', 54201),
(611, 'JOHAN ADI SANJAYA             ', '0954201578     ', 54201),
(612, 'SUPRIHANTO                    ', '0954201579     ', 54201),
(613, 'LUKMAN EKO WAHJUDI            ', '0954201580     ', 54201),
(614, 'MUTHMAINNAH                   ', '0954201581     ', 54201),
(615, 'SITI MAISAROH                 ', '0954201582     ', 54201),
(616, 'NUR FITRYAN ROCHMAN           ', '0954201583     ', 54201),
(617, 'A''AN SUPYANTO                 ', '1054201584     ', 54201),
(618, 'AGUS RUDI DARMAWAN            ', '1054201585     ', 54201),
(619, 'ANITA INDAHSARI               ', '1054201586     ', 54201),
(620, 'CAHYO PURNOMO WICAKSONO       ', '1054201587     ', 54201),
(621, 'DESI RETNOSARI                ', '1054201588     ', 54201),
(622, 'HERU AFANDI                   ', '1054201589     ', 54201),
(623, 'JUNI ARIFIN                   ', '1054201590     ', 54201),
(624, 'MAULANA MALIK                 ', '1054201591     ', 54201),
(625, 'MUCHAMMAD NURHADI             ', '1054201592     ', 54201),
(626, 'MUCHAMMAD NURHADI             ', '10542015921    ', 54201),
(627, 'MUH DAVID RIZAL               ', '1054201593     ', 54201),
(628, 'MOH MAULUDIN                  ', '1054201594     ', 54201),
(629, 'MUKHAMAT SYAIFUR RIZAL        ', '1054201595     ', 54201),
(630, 'MULYADI                       ', '1054201596     ', 54201),
(631, 'MUZAMMIL TAMANHURI            ', '1054201597     ', 54201),
(632, 'RUPIAH WIJAYANRI              ', '1054201598     ', 54201),
(633, 'SYAIFUL ROHMAN                ', '1054201599     ', 54201),
(634, 'TRI AGUS SETYO RAHARJO        ', '1054201600     ', 54201),
(635, 'A''AN ADI WIYOKO', '1154201601', 54201),
(636, 'BELLO GRANISER MALIK', '1154201602', 54201),
(637, 'FEBRI ANGGA RISTA', '1154201603', 54201),
(638, 'JOKO SUSENO', '1154201604', 54201),
(639, 'MAHWAN ALFATRUR ROHIM', '1154201605', 54201),
(640, 'MOCHAMMAD RIFA''I FADHELILLLAH', '1154201606', 54201),
(641, 'MOHAMAD EKO BUDI PRASETYO', '1154201607', 54201),
(642, 'MUHAMMAD NUR AHWAN', '1154201608', 54201),
(643, 'MUSTHOFA', '1154201609', 54201),
(644, 'MUSTOFA KAMAL', '1154201610', 54201),
(645, 'RUDI YANTO MASTOYO', '1154201611', 54201),
(646, 'YOSEPH GUNAWAN WIBISONO', '1154201612', 54201),
(647, 'AHMAD SA''DULLOH', '1254201613', 54201),
(648, 'BAMBANG HERMANTO', '1254201614', 54201),
(649, 'BAMBANG SUBIYANTO', '1254201615', 54201),
(650, 'HARY', '1254201616', 54201),
(651, 'IMAM MUZAKKI', '1254201617', 54201),
(652, 'JOHAN ADI BRIANTO', '1254201618', 54201),
(653, 'KURNIAWAN HAMZAH', '1254201619', 54201),
(654, 'MAHRUS ALI', '1254201620', 54201),
(655, 'MIFTAHUL JANNAH', '1254201621', 54201),
(656, 'MUHAMMAD HUSNI MUBAROQ', '1254201622', 54201),
(657, 'WAHYU HIDAYAT', '1254201623', 54201),
(658, 'WIWIT DWI NUFRISANTO', '1254201624', 54201),
(659, 'ZAINUL ABIDIN', '1254201625', 54201),
(660, 'ADI AGUNG S                   ', '0420201547     ', 63201),
(661, 'AHMAD NASIR                   ', '0420201548     ', 63201),
(662, 'ANA KHOIRUNISAH               ', '0420201549     ', 63201),
(663, 'ANITA RAHMAWATI               ', '0420201550     ', 63201),
(664, 'ARIF MUSTOFA                  ', '0420201551     ', 63201),
(665, 'ARIEF RACHMAD BOEDI S.        ', '0420201552     ', 63201),
(666, 'ATIK SURYANINGATI             ', '0420201553     ', 63201),
(667, 'BUDI SUMARTONO                ', '0420201554     ', 63201),
(668, 'DANY HARI SANTOSO             ', '0420201556     ', 63201),
(669, 'DIANA ASFANIH K.              ', '0420201557     ', 63201),
(670, 'DODIK EFENDI                  ', '0420201558     ', 63201),
(671, 'ENDANG LESTYOWATI             ', '0420201559     ', 63201),
(672, 'ENIK WAHYUNINGSIH             ', '0420201560     ', 63201),
(673, 'ERNAWATI                      ', '0420201561     ', 63201),
(674, 'ESKARIYANTO                   ', '0420201562     ', 63201),
(675, 'HANI PUJIANTO                 ', '0420201563     ', 63201),
(676, 'HARTANTO                      ', '0420201564     ', 63201),
(677, 'KHUSNUL KHOTIMAH              ', '0420201565     ', 63201),
(678, 'KHOLIS ISTIANAH               ', '0420201566     ', 63201),
(679, 'KURNIA TANINGRUM              ', '0420201567     ', 63201),
(680, 'KUSNADI                       ', '0420201568     ', 63201),
(681, 'LINA BUDIARTI                 ', '0420201569     ', 63201),
(682, 'MARIA ULFA                    ', '0420201570     ', 63201),
(683, 'M. IHWAN NURHIM               ', '0420201571     ', 63201),
(684, 'NUR ADCHANI                   ', '0420201572     ', 63201),
(685, 'NURUL HIDAYATI                ', '0420201573     ', 63201),
(686, 'OVI HELDIYANTO                ', '0420201574     ', 63201),
(687, 'PINA DWI ASTUTI               ', '0420201575     ', 63201),
(688, 'PURNOMO TRIA B.               ', '0420201576     ', 63201),
(689, 'REDY KRISNA A.                ', '0420201577     ', 63201),
(690, 'REZA SULFAWATI                ', '0420201578     ', 63201),
(691, 'RIA NOVIANA                   ', '0420201579     ', 63201),
(692, 'RURI FAMIANTI                 ', '0420201580     ', 63201),
(693, 'SAKRIM                        ', '0420201581     ', 63201),
(694, 'SAMSUL ARIFIN                 ', '0420201582     ', 63201),
(695, 'SHOIRIN                       ', '0420201583     ', 63201),
(696, 'SRI ASTUTIK                   ', '0420201584     ', 63201),
(697, 'SRI UMAMI                     ', '0420201585     ', 63201),
(698, 'SUNARYO                       ', '0420201586     ', 63201),
(699, 'TATOK YULIANTO                ', '0420201587     ', 63201),
(700, 'TOHA NUR ALIYAH               ', '0420201588     ', 63201),
(701, 'UMINAWATI                     ', '0420201589     ', 63201),
(702, 'YUNITA RACHMADIANA            ', '0420201590     ', 63201),
(703, 'INDAH DWI FAJRIANI            ', '0420201591     ', 63201),
(704, 'BUDI SANTOSO                  ', '0520201601     ', 63201),
(705, 'ERNA YUNITA                   ', '0520201602     ', 63201),
(706, 'ERI LUMAK SONO                ', '0520201603     ', 63201),
(707, 'HARIYANTO                     ', '0520201604     ', 63201),
(708, 'HERMAN NURDIANSAH             ', '0520201605     ', 63201),
(709, 'HERLINA ROSITAWATI            ', '0520201606     ', 63201),
(710, 'INSAN MASHURI                 ', '0520201607     ', 63201),
(711, 'MUHAMMAD SAIFUL               ', '0520201608     ', 63201),
(712, 'MULUT SANYATA                 ', '0520201609     ', 63201),
(713, 'OKI ARDIANSYAH                ', '0520201610     ', 63201),
(714, 'SANTHI OKTARINA               ', '0520201611     ', 63201),
(715, 'SUROYO                        ', '0520201612     ', 63201),
(716, 'NUR KHASANAH                  ', '0620201616     ', 63201),
(717, 'IMAM SYAFI''I                  ', '0620201617     ', 63201),
(718, 'BAMBANG WAHYUDI               ', '0620201618     ', 63201),
(719, 'EDY MULYONO                   ', '0620201619     ', 63201),
(720, 'EVA RATNASARI                 ', '0620201620     ', 63201),
(721, 'ANA RESMIATI                  ', '0620201621     ', 63201),
(722, 'VERUS SAID BALASAD            ', '0620201622     ', 63201),
(723, 'SUHARIYONO                    ', '0620201623     ', 63201),
(724, 'SURYADI BRAHMA PUTRA          ', '0620201624     ', 63201),
(725, 'KUSIADI                       ', '0620201625     ', 63201),
(726, 'RUDI ARIANTO                  ', '0620201626     ', 63201),
(727, 'QOSIM                         ', '0620201627     ', 63201),
(728, 'LILIK FARIDHOTIN              ', '0620201628     ', 63201),
(729, 'OKFAN YUDI NURWANTO           ', '0620201629     ', 63201),
(730, 'RACHMAD HADI PURNOMO          ', '0620201630     ', 63201),
(731, 'VINA KARTIKA SARI             ', '0620201631     ', 63201),
(732, 'JOKO PRAWIRO                  ', '0620201632     ', 63201),
(733, 'LIA CHANDRA PUSPITA           ', '0620201633     ', 63201),
(734, 'SUJIWARTINI                   ', '0620201634     ', 63201),
(735, 'DIAH ASTUTY SETIYANINGSIH     ', '0763201636     ', 63201),
(736, 'DWI SANTOSO MK                ', '0763201637     ', 63201),
(737, 'IRMA SURYANI                  ', '0763201638     ', 63201),
(738, 'IRWAN PRAYOGI                 ', '0763201639     ', 63201),
(739, 'LUSIYANTI                     ', '0763201640     ', 63201),
(740, 'MIKO INFAN NUTRISIANTO        ', '0763201641     ', 63201),
(741, 'MUKHAMMAD SUKRON ABDILLAH     ', '0763201642     ', 63201),
(742, 'NURUL HIDAYAH                 ', '0763201643     ', 63201),
(743, 'QOSIM                         ', '0763201644     ', 63201),
(744, 'SILVIA KURNIAWATI             ', '0763201645     ', 63201),
(745, 'SISWANTO                      ', '0763201646     ', 63201),
(746, 'SITI AISYAH                   ', '0763201647     ', 63201),
(747, 'NUR FARIDA                    ', '0763201648     ', 63201),
(748, 'SUDARMI                       ', '0763201649     ', 63201),
(749, 'YANTO                         ', '0763201650     ', 63201),
(750, 'RINI PUSPA NINGSIH            ', '0763201651     ', 63201),
(751, 'AGUS SUMINAR                  ', '0863201653     ', 63201),
(752, 'AHMAD FAISOL                  ', '0863201654     ', 63201),
(753, 'BUDHI ELISANTO                ', '0863201655     ', 63201),
(754, 'DEDIK ANDHI SURYONO           ', '0863201656     ', 63201),
(755, 'DERAJAT ALI FATHONI           ', '0863201657     ', 63201),
(756, 'EDI PRAWOTO                   ', '0863201658     ', 63201),
(757, 'ERIK EFENDI                   ', '0863201659     ', 63201),
(758, 'GENDUT SUNARDI                ', '0863201660     ', 63201),
(759, 'HARIS TRIYONO                 ', '0863201661     ', 63201),
(760, 'JODI HERI SULISETIAWAN        ', '0863201662     ', 63201),
(761, 'JUNAEDI                       ', '0863201663     ', 63201),
(762, 'LIA RIZKY MAULIDYA            ', '0863201664     ', 63201),
(763, 'MOH DHOHIR                    ', '0863201665     ', 63201),
(764, 'MOCHAMMAD FARIZD ANGGRIAWAN   ', '0863201666     ', 63201),
(765, 'MARKUAT                       ', '0863201667     ', 63201),
(766, 'MATZURIANTO                   ', '0863201668     ', 63201),
(767, 'NUR AFANDI                    ', '0863201669     ', 63201),
(768, 'NUR HALIMATUS ZAHRO           ', '0863201670     ', 63201),
(769, 'PONARI                        ', '0863201671     ', 63201),
(770, 'RIO IVANTRI                   ', '0863201672     ', 63201),
(771, 'ROSDIAWAN FAIZAL ALIF         ', '0863201673     ', 63201),
(772, 'SAIFUL KARIM                  ', '0863201674     ', 63201),
(773, 'SLAMET SUHARSONO              ', '0863201675     ', 63201),
(774, 'SITI LUTFIYAH                 ', '0863201676     ', 63201),
(775, 'SUGENG MULYO HARTONO          ', '0863201677     ', 63201),
(776, 'SUGENG WAHYUDI                ', '0863201678     ', 63201),
(777, 'SUGIANTO                      ', '0863201679     ', 63201),
(778, 'SUPARNI                       ', '0863201680     ', 63201),
(779, 'SUWONDO                       ', '0863201681     ', 63201),
(780, 'TEGUH WAHYUDIANTO             ', '0863201682     ', 63201),
(781, 'TITIN ANGGRAENI               ', '0863201683     ', 63201),
(782, 'YULI SETYOWATI                ', '0863201684     ', 63201),
(783, 'MOCH RIDHO MUJIB              ', '0863201685     ', 63201),
(784, 'TOTOK HANDRIONO               ', '0863201686     ', 63201),
(785, 'ACHMAD                        ', '0963201688     ', 63201),
(786, 'ANDRI WALUYO                  ', '0963201689     ', 63201),
(787, 'ANITASARI                     ', '0963201690     ', 63201),
(788, 'ANNISA YULIHANDA FATMAWATI    ', '0963201691     ', 63201),
(789, 'ASPARI                        ', '0963201692     ', 63201),
(790, 'ASRI NOER AINI                ', '0963201693     ', 63201),
(791, 'DIAN NOVITA                   ', '0963201694     ', 63201),
(792, 'DIAN PERMATA SARI             ', '0963201695     ', 63201),
(793, 'DINA ARYANTI                  ', '0963201696     ', 63201),
(794, 'EKA AGUNG ARMADA              ', '0963201697     ', 63201),
(795, 'ENDANG TRI WAHYUNI            ', '0963201698     ', 63201),
(796, 'HENDRA WAHYONO                ', '0963201699     ', 63201),
(797, 'MADAHRI                       ', '0963201700     ', 63201),
(798, 'MISBAH ARJO HADI MULYO        ', '0963201701     ', 63201),
(799, 'MOCHAMMAD HASYIM              ', '0963201702     ', 63201),
(800, 'SARI AGUSTINA                 ', '0963201703     ', 63201),
(801, 'SOBIRIN                       ', '0963201704     ', 63201),
(802, 'SRI WAHYUNI                   ', '0963201705     ', 63201),
(803, 'SUHAN AROFI                   ', '0963201706     ', 63201),
(804, 'SUYANTO                       ', '0963201707     ', 63201),
(805, 'SYAIFUL ANAM                  ', '0963201708     ', 63201),
(806, 'TOTO HADI PURNOMO             ', '0963201709     ', 63201),
(807, 'ERLIN SUSMIATI                ', '0963201710     ', 63201),
(808, 'NANIK RAHAYU                  ', '0963201711     ', 63201),
(809, 'MOCH JAM''AH SAMA DONA         ', '0963201712     ', 63201),
(810, 'HESTI INDRAWATI               ', '963201713', 63201),
(811, 'ABDUL MANAN                   ', '0963201714     ', 63201),
(812, 'HERU PURNOMO                  ', '0963201715     ', 63201),
(813, 'WAGIMAN                       ', '0963201716     ', 63201),
(814, 'ROMI EKO                      ', '0963201717     ', 63201),
(815, 'LIA EMILIA                    ', '0963201718     ', 63201),
(816, 'MUHAMAD SAYYIDINA ALI         ', '0963201719     ', 63201),
(817, 'DWI SELLY ANGGRAENI           ', '0963201720     ', 63201),
(818, 'DWI DEDY MEI KURNIAWAN        ', '0963201721     ', 63201),
(819, 'AGUS TRIYONO                  ', '0963201722     ', 63201),
(820, 'DWI SRI ARIYASTUTIK           ', '0963201723     ', 63201),
(821, 'LELA TRIYANA                  ', '0963201724     ', 63201),
(822, 'ABDUS SHOMAD                  ', '1063201726     ', 63201),
(823, 'ACHMAD SOLECHIDIN GHOZALI     ', '1063201727     ', 63201),
(824, 'AGIT SASMITA RAHARJA          ', '1063201728     ', 63201),
(825, 'AGUNG PRIBADI                 ', '1063201729     ', 63201),
(826, 'AGUS SULAIMAN                 ', '1063201730     ', 63201),
(827, 'AGUSTINUS SUMARSONO           ', '1063201731     ', 63201),
(828, 'ALI MARSONO                   ', '1063201732     ', 63201),
(829, 'ALIK ABIDAH MIYAH RAKHMAN     ', '1063201733     ', 63201),
(830, 'ARIS JUNITASARI               ', '1063201734     ', 63201),
(831, 'AS''ARI                        ', '1063201735     ', 63201),
(832, 'BAGUS ROHMADTULLOH            ', '1063201736     ', 63201),
(833, 'DEWI SULISTYOWATI             ', '1063201737     ', 63201),
(834, 'DIAN PERMATASARI              ', '1063201738     ', 63201),
(835, 'EDI LUGITO                    ', '1063201739     ', 63201),
(836, 'HENDRI YULIANTO               ', '1063201740     ', 63201),
(837, 'LIDIA PURNAMASARI             ', '1063201741     ', 63201),
(838, 'MOCHAMAD SHOLEH               ', '1063201742     ', 63201),
(839, 'MOCHAMMAD YASIN               ', '1063201743     ', 63201),
(840, 'MUH SUUD EFENDI               ', '1063201744     ', 63201),
(841, 'MUHAMMAD YUSRON FARDYANSYAH   ', '1063201745     ', 63201),
(842, 'NENENG SRI LESTARI            ', '1063201746     ', 63201),
(843, 'NURUL DUHAYATIN               ', '1063201747     ', 63201),
(844, 'NURUL WAHIDAH                 ', '1063201748     ', 63201),
(845, 'RAMA ZAKIR                    ', '1063201749     ', 63201),
(846, 'RATIH TUNJUNGSARI             ', '1063201750     ', 63201),
(847, 'RONI IRMUNI KASANDU           ', '1063201751     ', 63201),
(848, 'SANDY FERDINANSYAH AGSANY     ', '1063201752     ', 63201),
(849, 'SUHIRSONO                     ', '1063201753     ', 63201),
(850, 'SUNDARI                       ', '1063201755     ', 63201),
(851, 'YULIANITA                     ', '1063201756     ', 63201),
(852, 'ABDUL ROKHMAD                 ', '1063201757     ', 63201),
(853, 'AHMAD KHAMDANI', '1163201758', 63201),
(854, 'ALFIAN ALFARIZI', '1163201759', 63201),
(855, 'ANDRI KHUNIAWAN', '1163201760', 63201),
(856, 'ARRON JANTICA WIRAWAN', '1163201761', 63201),
(857, 'DANNY DWI PRASETYO', '1163201762', 63201),
(858, 'DIDID WIJIANTO', '1163201763', 63201),
(859, 'ERLIDIANTO', '1163201764', 63201),
(860, 'HAIRUL ANAM', '1163201765', 63201),
(861, 'HASANUDDIN', '1163201766', 63201),
(862, 'HERLINDA ARYSTASARI', '1163201767', 63201),
(863, 'HESTI PUTRI SUTRISNO', '1163201768', 63201),
(864, 'IKE NASTIKA SARI', '1163201769', 63201),
(865, 'IQBAL MAULANA', '1163201770', 63201),
(866, 'ISWARINI', '1163201771', 63201),
(867, 'MARIA ULFA', '1163201772', 63201),
(868, 'MOHAMMAD KHOLIK PRAMONO', '1163201773', 63201),
(869, 'MUHAMMAD JULIANTO', '1163201774', 63201),
(870, 'RACHMAD SETYAWAN', '1163201775', 63201),
(871, 'RANGGA PRADANA RAHIM', '1163201776', 63201),
(872, 'RIVAN DWI HARTONO', '1163201777', 63201),
(873, 'ROFIL ROKHANIA', '1163201778', 63201),
(874, 'SANTI WAHYUNI', '1163201779', 63201),
(875, 'WAGITO', '1163201780', 63201),
(876, 'YULI ERMAWATI', '1163201781', 63201),
(877, 'ZAINAL ABIDIN', '1163201782', 63201),
(878, 'DANNY ERWIANSA', '1163201783', 63201),
(879, 'LULUK YUNIARTIN', '1163201784', 63201),
(880, 'AGUS KRISTIONO', '1263201785', 63201),
(881, 'AGUS YULIANTO', '1263201786', 63201),
(882, 'AKHMAD MAKMUN MURROD', '1263201787', 63201),
(883, 'ANDIK SUDI KURNIANTO', '1263201788', 63201),
(884, 'ARDHYA YUDHA BAGUS APRIYONO', '1263201789', 63201),
(885, 'DODIK SEPTA VIANTO', '1263201790', 63201),
(886, 'EKO YULI SUSILOWATI', '1263201791', 63201),
(887, 'ELOK DIAN FEBRIANA', '1263201792', 63201),
(888, 'ENDANG SUHARTATIK', '1263201793', 63201),
(889, 'ERIK DWI JAYANTI', '1263201794', 63201),
(890, 'GELDA ANGGY KARIYA', '1263201795', 63201),
(891, 'GUNAWAN WIBISONO', '1263201796', 63201),
(892, 'HADI WIBOWO', '1263201797', 63201),
(893, 'IKHSAN WAHYUDI', '1263201798', 63201),
(894, 'JAKA HARIYONO PUTRA', '1263201799', 63201),
(895, 'KHUSNUL KHOTIMAH', '1263201800', 63201),
(896, 'LUTFIATUL AZIZAH', '1263201801', 63201),
(897, 'MOCHAMAD CANDRA PRASETYA', '1263201802', 63201),
(898, 'MOCHAMAD CHAIYUN', '1263201803', 63201),
(899, 'MOCHAMMAD NURKHOTIB', '1263201804', 63201),
(900, 'MOHAMMAD SYAIFUL RIZAL', '1263201805', 63201),
(901, 'MUCHAMMAD IMAM WAROSYI', '1263201806', 63201),
(902, 'MUHAMMAD AFIF SYAIFUDIN', '1263201807', 63201),
(903, 'PUTRA ADI PAKSI', '1263201808', 63201),
(904, 'RACHMAD RAFLY ARNANDA', '1263201809', 63201),
(905, 'RINA AGUSTINA', '1263201810', 63201),
(906, 'RIZKY YULIAN NIZAR', '1263201811', 63201),
(907, 'RIZQI WIJAYANTO', '1263201812', 63201),
(908, 'RUDI KUSWANTO', '1263201813', 63201),
(909, 'SUWADI', '1263201814', 63201),
(910, 'TOPAN ARDIANSYAH', '1263201815', 63201),
(911, 'TOTOK HERI SUDARWANTO', '1263201816', 63201),
(912, 'VIEN NURFINANI', '1263201817', 63201),
(913, 'YULIUS RANDY KURNIAWAN', '1263201818', 63201),
(914, 'YUSIANA WULANDARI', '1263201819', 63201),
(915, 'DAVID CHAIRUL ANWAR', '1263201820', 63201),
(916, 'ABDUL ROKHMANSYAH', '1263201821', 63201),
(917, 'VIRRA YUNI PRASTUTI', '1263201822', 63201),
(918, 'ARSATUL QOMARIYAH', '1263201823', 63201),
(919, 'YUSI SUSILOWATI               ', '0420401407     ', 74201),
(920, 'BENY ACHAN                    ', '0420401409     ', 74201),
(921, 'ABDUL ROSID                   ', '0420401433     ', 74201),
(922, 'ACHMAD CHAIRUL ANWAR          ', '0420401434     ', 74201),
(923, 'ADI SUSILO                    ', '0420401435     ', 74201),
(924, 'AGUS PRIONO                   ', '0420401436     ', 74201),
(925, 'AGUS SALIM HASAN              ', '0420401437     ', 74201),
(926, 'ANDRI ADI ROSMAWAN            ', '0420401438     ', 74201),
(927, 'ANDRIE SETYO WIBOWO           ', '0420401439     ', 74201),
(928, 'ARIEF RAHMAN HAKIM            ', '0420401440     ', 74201),
(929, 'ARIEF WIDODO                  ', '0420401441     ', 74201),
(930, 'AHMAD FAISOL                  ', '0420401442     ', 74201),
(931, 'ANGGA FUBROARIANTO            ', '0420401443     ', 74201),
(932, 'BAMBANG HARIYONO ES           ', '0420401444     ', 74201),
(933, 'BUSIR EFENDI                  ', '0420401445     ', 74201),
(934, 'BUDIANTO                      ', '0420401446     ', 74201),
(935, 'DENNY NOEFRIANSYAH            ', '0420401447     ', 74201),
(936, 'DEDY PRASETIYA UTOMO          ', '0420401448     ', 74201),
(937, 'DODOY SURYADIAWAN             ', '0420401449     ', 74201),
(938, 'DWI ASTUTI                    ', '0420401450     ', 74201),
(939, 'DWI VIBRIANTO                 ', '0420401451     ', 74201),
(940, 'EKO PRASETYO                  ', '0420401452     ', 74201),
(941, 'ENDRI PRASETYA                ', '0420401453     ', 74201),
(942, 'FAJAR NUR ILHAMSYAH           ', '0420401454     ', 74201),
(943, 'FENDI EKO PRAYITNO            ', '0420401455     ', 74201),
(944, 'HANDOKO KURNIA WIJAYA         ', '0420401456     ', 74201),
(945, 'HARIADI                       ', '0420401457     ', 74201),
(946, 'HARIYANTO                     ', '0420401458     ', 74201),
(947, 'HASAN BASRI                   ', '0420401459     ', 74201),
(948, 'HENDRA SOEGIHARTONO           ', '0420401460     ', 74201),
(949, 'HERMA WAHYU RESTIAWAN         ', '0420401461     ', 74201),
(950, 'INDI WIDIANTO                 ', '0420401462     ', 74201),
(951, 'IRDANI ISMA                   ', '0420401463     ', 74201),
(952, 'IRWAN LUKITO HADI             ', '0420401464     ', 74201),
(953, 'ISWAHYUNI                     ', '0420401465     ', 74201),
(954, 'IWAN HARIADI                  ', '0420401466     ', 74201),
(955, 'IWAN SUGIANTO                 ', '0420401467     ', 74201),
(956, 'IWAN SULISTYO                 ', '0420401468     ', 74201),
(957, 'LUTFI MUHARDIANTONO           ', '0420401469     ', 74201),
(958, 'MAFBUD JUNAIDI                ', '0420401470     ', 74201),
(959, 'MINTARO                       ', '0420401471     ', 74201),
(960, 'MISNALI                       ', '0420401472     ', 74201),
(961, 'MOHAMAD TULUS                 ', '0420401473     ', 74201),
(962, 'MUHAMMAD MOKHTOK              ', '0420401474     ', 74201),
(963, 'MUCHLIS AWALUDIN              ', '0420401475     ', 74201),
(964, 'MU''ANAS                       ', '0420401476     ', 74201),
(965, 'NASIHIN                       ', '0420401477     ', 74201),
(966, 'NURKAMIM                      ', '0420401478     ', 74201),
(967, 'NURMANSYAH                    ', '0420401479     ', 74201),
(968, 'NOVRIANA DWI ROSA             ', '0420401480     ', 74201),
(969, 'OMAN WAHYUNA                  ', '0420401481     ', 74201),
(970, 'PUJIANTO                      ', '0420401482     ', 74201),
(971, 'RAMA DOAN PRADIBTA            ', '0420401483     ', 74201),
(972, 'RENDIYAN JUNIANTO             ', '0420401484     ', 74201),
(973, 'RIFANDI RAHADIAN YASIN        ', '0420401485     ', 74201),
(974, 'RIBUT ERRY SAPUTRA            ', '0420401486     ', 74201),
(975, 'ROBBY EKA MASINDRA            ', '0420401487     ', 74201),
(976, 'RONY WIWIT KUSDIANTO          ', '0420401488     ', 74201),
(977, 'SETYO HANDHU ARGO             ', '0420401489     ', 74201),
(978, 'SUJITO                        ', '0420401490     ', 74201),
(979, 'SUPRASTYANTO                  ', '0420401491     ', 74201),
(980, 'SULAKSONO                     ', '0420401492     ', 74201),
(981, 'SUGIARTO                      ', '0420401493     ', 74201),
(982, 'SUWANDI                       ', '0420401494     ', 74201),
(983, 'SITI URIFAH                   ', '0420401495     ', 74201),
(984, 'TATANG                        ', '0420401496     ', 74201),
(985, 'TAUFIQ HENDRAWAN              ', '0420401497     ', 74201),
(986, 'TAUFIQ                        ', '0420401498     ', 74201),
(987, 'TONGGAK PAHLANTA              ', '0420401499     ', 74201),
(988, 'VICTORY JATMIKO               ', '0420401500     ', 74201),
(989, 'WINARTO                       ', '0420401501     ', 74201),
(990, 'WAHYONO                       ', '0420401502     ', 74201),
(991, 'KOKO DWI ARIYANTO             ', '0420401503     ', 74201),
(992, 'HERIBARTUS AGUNG PAMBUDI      ', '0420401504     ', 74201),
(993, 'DIDIK SUPRIANTO               ', '0420401505     ', 74201),
(994, 'ATHO''ILLAH MUKYAR             ', '0420401506     ', 74201),
(995, 'ARF BUDI S                    ', '0510404506     ', 74201),
(996, 'TWENTY PURWANDARI             ', '0520401509     ', 74201),
(997, 'BUDI SANTOSO                  ', '0520401510     ', 74201),
(998, 'ACHMAD AFANDI                 ', '0520401511     ', 74201),
(999, 'AGUS DWI SETYO AJI            ', '0520401512     ', 74201),
(1000, 'AGUS SHOLEH                   ', '0520401513     ', 74201),
(1001, 'AGUSTINA WISDA YONAS FARERA   ', '0520401514     ', 74201),
(1002, 'ALI SUCHIB                    ', '0520401515     ', 74201),
(1003, 'ANDIK WIDIYANTO               ', '0520401516     ', 74201),
(1004, 'ARIF BUDI SANTOSO             ', '0520401517     ', 74201),
(1005, 'BAGUS DIDIEK ANDHIKA          ', '0520401518     ', 74201),
(1006, 'BAMBANG LASIYANTO             ', '0520401519     ', 74201),
(1007, 'DEDI SANTOSO                  ', '0520401520     ', 74201),
(1008, 'DENI FAJRI PRADANA            ', '0520401521     ', 74201),
(1009, 'EGIN TOMI PURWANTO            ', '0520401522     ', 74201),
(1010, 'FARID VIDHYANTO               ', '0520401523     ', 74201),
(1011, 'HENDRA DWI ARIGSANTO          ', '0520401524     ', 74201),
(1012, 'HERYA UTAMA                   ', '0520401525     ', 74201),
(1013, 'HOLKES SIFAK                  ', '0520401526     ', 74201),
(1014, 'IMELDA YANUAR SANTOSO         ', '0520401527     ', 74201),
(1015, 'IWAN MARTHA BAYU              ', '0520401528     ', 74201),
(1016, 'MACHRUS AJI WIJAYA            ', '0520401529     ', 74201),
(1017, 'MAHMUD EFENDI                 ', '0520401530     ', 74201),
(1018, 'MUKHAMMAD MUZAYYIN            ', '0520401531     ', 74201),
(1019, 'MOCHAMAD ALIKIN               ', '0520401532     ', 74201),
(1020, 'MOCHAMMAD NOER CAHYONO        ', '0520401533     ', 74201),
(1021, 'MUCHAMAD ASMU''I               ', '0520401534     ', 74201),
(1022, 'NANDA MANA HAMFI              ', '0520401535     ', 74201),
(1023, 'NOVI INDAH WIDYASTUTI         ', '0520401536     ', 74201),
(1024, 'RIZAL ERWIYANTO               ', '0520401537     ', 74201),
(1025, 'SONY HENDRA PURNOMO           ', '0520401538     ', 74201),
(1026, 'SOPONYONO                     ', '0520401539     ', 74201),
(1027, 'TWENTY PURANDARI              ', '0520401540     ', 74201),
(1028, 'ISHAK                         ', '0620401545     ', 74201),
(1029, 'IHSAN WAHYUDI                 ', '0620401546     ', 74201),
(1030, 'IRAWAN DWI PRIYANTORO         ', '0620401547     ', 74201),
(1031, 'IMAM SYAFI''I                  ', '0620401548     ', 74201),
(1032, 'HARIS RAMADHILA PRIHARTAWAN   ', '0620401549     ', 74201),
(1033, 'MUHAMMAD IRVAN ISLAMI         ', '0620401550     ', 74201),
(1034, 'MOH AMRI HASAN                ', '0620401561     ', 74201),
(1035, 'MUDA IBNU AL LATIF            ', '0620401562     ', 74201),
(1036, 'WAHYU ADI PRADHANA            ', '0620401563     ', 74201),
(1037, 'ALI MUHDOR                    ', '0620401564     ', 74201),
(1038, 'TULUS SETIYANTO               ', '0620401565     ', 74201),
(1039, 'SUYONO                        ', '0620401566     ', 74201),
(1040, 'SOFYAN FAZRI                  ', '0620401567     ', 74201),
(1041, 'SARDIYANTO                    ', '0620401568     ', 74201),
(1042, 'AAN NISMANTO                  ', '0620401569     ', 74201),
(1043, 'ZULFAN WASISTANTOKO           ', '0620401570     ', 74201),
(1044, 'AULIA DHETA ASTARIKA          ', '0620401571     ', 74201),
(1045, 'EDI IRAWAN                    ', '0620401572     ', 74201),
(1046, 'ANGGA YULI PRATAMA            ', '0620401573     ', 74201),
(1047, 'DHONI AGUSTAN ARISANDI        ', '0620401574     ', 74201),
(1048, 'BIMA ESA TUSTANTA             ', '0620401575     ', 74201),
(1049, 'REDO ENGGAR PRADIPTA          ', '0620401576     ', 74201),
(1050, 'VICO ATHUR SINGGIH PRASETYO   ', '0620401577     ', 74201),
(1051, 'MUCHLIS ZAIN                  ', '0620401578     ', 74201),
(1052, 'DEDY LUDIYARTO UTOMO          ', '0620401579     ', 74201),
(1053, 'KRISWAHYUDI                   ', '0620401580     ', 74201),
(1054, 'FRURRY KRISTANTO YUONO        ', '0620401581     ', 74201),
(1055, 'ISWATI                        ', '0620401582     ', 74201),
(1056, 'IZZATY KHOIRINAH              ', '0620401583     ', 74201),
(1057, 'HADI NURIYANTO                ', '0620401584     ', 74201),
(1058, 'RAHMAD WAHYUDI                ', '0620401585     ', 74201),
(1059, 'SUJARWO                       ', '0620401586     ', 74201),
(1060, 'BACHTIAR KURNIAWAN            ', '0774201587     ', 74201),
(1061, 'BUDI SANTOSO                  ', '0774201588     ', 74201),
(1062, 'ALI MUKHTAR                   ', '0774201589     ', 74201),
(1063, 'VENDIX MILLION T L            ', '0774201590     ', 74201),
(1064, 'ADI SANTOSO                   ', '0774201591     ', 74201),
(1065, 'ARIANTO MASKARE SUBAGIO       ', '0774201592     ', 74201),
(1066, 'ARIE APRIANTO                 ', '0774201593     ', 74201),
(1067, 'BEJO NGATEMAN                 ', '0774201594     ', 74201),
(1068, 'DADUNG ACHMAD SAIKHUNI        ', '0774201595     ', 74201),
(1069, 'DESI RIA RUTANTI              ', '0774201596     ', 74201),
(1070, 'DEVI LELITA PUSPITA SARI      ', '0774201597     ', 74201),
(1071, 'DODI NUR HIDAYAT              ', '0774201598     ', 74201),
(1072, 'ARIE ANDREANTO                ', '0774201599     ', 74201),
(1073, 'HASAN BASRI                   ', '0774201600     ', 74201),
(1074, 'I PUTU PANDE AGUS DARMAWAN    ', '0774201601     ', 74201),
(1075, 'KHOLIL                        ', '0774201602     ', 74201),
(1076, 'MARSUHIN                      ', '0774201603     ', 74201),
(1077, 'MASRUR HADI                   ', '0774201604     ', 74201),
(1078, 'CORIK DWI ROMADHONI           ', '0774201605     ', 74201),
(1079, 'ROFIQ                         ', '0774201606     ', 74201),
(1080, 'JAMAL ABDULLAH                ', '0774201607     ', 74201),
(1081, 'MOCH FACHRY MAULANA           ', '0774201608     ', 74201),
(1082, 'HARDIYANA ENDRAS              ', '07744201599    ', 74201),
(1083, 'YANUAR WIDAYANTO              ', '0874201609     ', 74201),
(1084, 'ALI MUCHTAR                   ', '0874201610     ', 74201),
(1085, 'BASUKI RAKHMAD                ', '0874201611     ', 74201),
(1086, 'BOMBIT AGUS MULYO             ', '0874201612     ', 74201),
(1087, 'DARMAWAN ARIES PURWANTO       ', '0874201613     ', 74201),
(1088, 'DIAN KUSUMA WARDANI           ', '0874201614     ', 74201),
(1089, 'GALIH SATRIYA BAGUS           ', '0874201615     ', 74201),
(1090, 'HAMID                         ', '0874201616     ', 74201),
(1091, 'HENDRA DEWANATA               ', '0874201617     ', 74201),
(1092, 'HENDRA ANDIKA', '0874201618     ', 74201),
(1093, 'KASWADI                       ', '0874201619     ', 74201),
(1094, 'KHUZAIMI                      ', '0874201620     ', 74201),
(1095, 'FARAD ARIANTO                 ', '0874201621     ', 74201),
(1096, 'MOH SAQIUL ULUM               ', '0874201622     ', 74201),
(1097, 'AHMAD ALI WAFA                ', '0874201623     ', 74201),
(1098, 'RUDI NURYANTO                 ', '0874201624     ', 74201),
(1099, 'ROKIN NURHOLIS                ', '0874201625     ', 74201),
(1100, 'SUPRIYADI                     ', '0874201626     ', 74201),
(1101, 'PURYANTO                      ', '0874201627     ', 74201),
(1102, 'PAIT HARIYANTO                ', '0874201628     ', 74201),
(1103, 'NATRIP                        ', '0874201629     ', 74201),
(1104, 'MUSTAKIM                      ', '0874201630     ', 74201),
(1105, 'RIANDA MELGI ARUNDARI         ', '0874201631     ', 74201),
(1106, 'LUKMAN HIDAYAT                ', '0874201632     ', 74201),
(1107, 'JAMA''ADI                      ', '0874201633     ', 74201),
(1108, 'HASAN WARA''I                  ', '0874201634     ', 74201),
(1109, 'DHONY RAHMANTO                ', '0874201635     ', 74201),
(1110, 'BAMBANG SUGIANTO              ', '0874201636     ', 74201),
(1111, 'ARIE IRWAN LESMANA            ', '0874201637     ', 74201),
(1112, 'AMAM SAUKI                    ', '0874201639     ', 74201),
(1113, 'ABD KAPI                      ', '0874201640     ', 74201),
(1114, 'HAMID                         ', '0874201641     ', 74201),
(1115, 'ARIF ROCHMAN                  ', '0874201642     ', 74201),
(1116, 'JUNAEDI                       ', '0874201838     ', 74201),
(1117, 'ALI JAS                       ', '0974201643     ', 74201),
(1118, 'ASMAN                         ', '0974201644     ', 74201),
(1119, 'DADANG LESMANA ARTA WIJAYA    ', '0974201645     ', 74201),
(1120, 'EKA AFTON ILMAN               ', '0974201646     ', 74201),
(1121, 'EKO NUR KURNIANTO             ', '0974201647     ', 74201),
(1122, 'JAMAL                         ', '0974201648     ', 74201),
(1123, 'KUSAERI                       ', '0974201649     ', 74201),
(1124, 'FAJAR TRI AFIANDANA           ', '0974201650     ', 74201),
(1125, 'FINA FARIYANI WULANDARI       ', '0974201651     ', 74201),
(1126, 'AHMAD                         ', '0974201652     ', 74201),
(1127, 'HENDRI DIANSYAH               ', '0974201653     ', 74201),
(1128, 'RUDI HARTONO                  ', '0974201654     ', 74201),
(1129, 'SUJIARTI                      ', '0974201655     ', 74201),
(1130, 'NURUL BUDIARTI                ', '0974201656     ', 74201),
(1131, 'MUHAMMAD ROMLI  T             ', '0974201657     ', 74201),
(1132, 'ROZAQY AKBAR                  ', '0974201658     ', 74201),
(1133, 'SITI NUR AINI                 ', '0974201659     ', 74201),
(1134, 'SRI WAHYUNI                   ', '0974201660     ', 74201),
(1135, 'WIDIYANTO                     ', '0974201661     ', 74201),
(1136, 'DENNYS PERMANA PUTRA          ', '0974201662     ', 74201),
(1137, 'MUSOLLI                       ', '0974201663     ', 74201),
(1138, 'ROHMAN                        ', '0974201664     ', 74201),
(1139, 'M HAFI SAPUTRA                ', '0974201665     ', 74201),
(1140, 'MUSTAKIM                      ', '0974201666     ', 74201),
(1141, 'SUWANDI                       ', '0974201667     ', 74201),
(1142, 'SAHUD                         ', '0974201668     ', 74201),
(1143, 'BAMBANG RIYANTO               ', '0974201670     ', 74201),
(1144, 'MISTO ZAENAL ARIFIN           ', '0974201671     ', 74201),
(1145, 'YUSUF EFENDI                  ', '0974201672     ', 74201),
(1146, 'WARLIS SUPRAPTO               ', '0974201673     ', 74201),
(1147, 'SATIK WAHYULIANI              ', '0974201674     ', 74201),
(1148, 'MOCH SUBHAN ABDILLAH          ', '0974201675     ', 74201),
(1149, 'KARNADI                       ', '0974201676     ', 74201),
(1150, 'NISAM                         ', '0974201677     ', 74201),
(1151, 'AHMAD JAINURI                 ', '0974201678     ', 74201),
(1152, 'SYAIFUL ADI                   ', '0974201679     ', 74201),
(1153, 'M ROHIM                       ', '0974201680     ', 74201),
(1154, 'ISHAK                         ', '0974201681     ', 74201),
(1155, 'MIKI HOBIRULLOH               ', '0974201682     ', 74201),
(1156, 'NUR FADILAH                   ', '0974201683     ', 74201),
(1157, 'SUWADI                        ', '0974201684     ', 74201),
(1158, 'AKHMAT                        ', '0974201685     ', 74201),
(1159, 'ABDUL GHOFUR                  ', '0974201686     ', 74201),
(1160, 'SUGIYANTOKO                   ', '0974201687     ', 74201),
(1161, 'AJI SUDIRMAN                  ', '0974201688     ', 74201),
(1162, 'NOTO                          ', '0974201689     ', 74201),
(1163, 'WAHYONO                       ', '0974201690     ', 74201),
(1164, 'LANCAR BUDI UTOMO             ', '0974201691     ', 74201),
(1165, 'MUFTIN NASYIIN                ', '0974201692     ', 74201),
(1166, 'MUHAMMAD DARMAWAN             ', '0974201693     ', 74201),
(1167, 'HENDRIQ INDRA GUNAWAN         ', '0974201694     ', 74201),
(1168, 'ABDUL ROHIM                   ', '1074201695     ', 74201),
(1169, 'AGUS MULJONO                  ', '1074201696     ', 74201),
(1170, 'ANDYKA PERMANA                ', '1074201697     ', 74201),
(1171, 'ANINDYA RAKHMADI H P          ', '1074201698     ', 74201),
(1172, 'JURNALISTYANINGTYAS           ', '1074201699     ', 74201),
(1173, 'LENA FADILAH                  ', '1074201700     ', 74201),
(1174, 'MUHAMMAD                      ', '1074201701     ', 74201),
(1175, 'MUHAMMAD BAKIR                ', '1074201702', 74201),
(1176, 'MUHAMMAD HUSIN                ', '1074201703     ', 74201),
(1177, 'MUKHAMMAD ALI                 ', '1074201704     ', 74201),
(1178, 'NIRAD                         ', '1074201705     ', 74201),
(1179, 'RAHAJENG ENDYANA A            ', '1074201706     ', 74201),
(1180, 'RINA LUKMINARNI               ', '1074201707     ', 74201),
(1181, 'YULLIATI                      ', '1074201708     ', 74201),
(1182, 'ZAINAL ARIFIN                 ', '1074201709     ', 74201),
(1183, 'AFIFUDIN', '1174201710', 74201),
(1184, 'ALAN ZULKARNAIN', '1174201711', 74201),
(1185, 'BIMANTORO SATRIO UTOMO', '1174201712', 74201),
(1186, 'DEDDY YOLANDA KURNIAWAN', '1174201713', 74201),
(1187, 'DEWI RAHMAWATI', '1174201714', 74201),
(1188, 'DIMAR BAHTERA', '1174201715', 74201),
(1189, 'ILA WIJAYANTI', '1174201716', 74201),
(1190, 'JUMARDI', '1174201717', 74201),
(1191, 'JUWI PUTRI FEBRIANI', '1174201718', 74201),
(1192, 'LUKMAN NURHAKIM', '1174201719', 74201),
(1193, 'LULUK ISTIFAIYAH', '1174201720', 74201),
(1194, 'MEDIANTO PRASAJA', '1174201721', 74201),
(1195, 'MUHAMMAD YUSUF', '1174201722', 74201),
(1196, 'MUSTAMIN', '1174201723', 74201),
(1197, 'MUTIATUL KHOIROH', '1174201724', 74201),
(1198, 'RATIH FAJARINA A D', '1174201725', 74201),
(1199, 'RENGGA ISTOY YANUAR', '1174201726', 74201),
(1200, 'SIHAM', '1174201727', 74201),
(1201, 'SUPRIYANTO', '1174201728', 74201),
(1202, 'SUSANTO TRI AGUS WASKITO', '1174201729', 74201),
(1203, 'YENI SUSILOWATI', '1174201730', 74201),
(1204, 'ALI SUDARMAWAN', '1174201731', 74201),
(1205, 'BOYMIN', '1174201732', 74201),
(1206, 'EDI SUSANTO', '1174201733', 74201),
(1207, 'MULYADI', '1174201734', 74201),
(1208, 'HANDOKO KORNIAWIJAYA', '1174201735', 74201),
(1209, 'HARIS EKO CAHYONO', '1274201736', 74201),
(1210, 'KHUSNUL KHOTIMAH', '1274201737', 74201),
(1211, 'LUTVI INDRA LESMANA', '1274201738', 74201),
(1212, 'MUHAMMAD SHOLIHIN', '1274201739', 74201),
(1213, 'NAINI NUR FARIDA', '1274201740', 74201),
(1214, 'PURNOMO ADI', '1274201741', 74201),
(1215, 'RAHADI SULAIMAN', '1274201742', 74201),
(1216, 'RIKTO SURIYANTO', '1274201743', 74201),
(1217, 'SUHANTO', '1274201744', 74201),
(1218, 'TUTIK ENDRIYANI', '1274201745', 74201),
(1219, 'HARIYONO B', '1274201746', 74201),
(1220, 'CHUSNUL CHOTIMAH', '1274201747', 74201),
(1221, 'DIAH ARIYANI TRI W', '1274201748', 74201);

INSERT INTO book (id, title, isbn, publisher_id, publisher_text, authors_text, catalogue_count) VALUES
(1, ' kacang-kacangan siklus kehidupan', '', NULL, 'akademia', 'julie murray', 4),
(2, 'A complete course to the TOEIC TEST', '', NULL, 'Pustak pelajar', 'Slamet Riyanto with leila nh& emilla ', 4),
(3, 'ADMINISTRASI DAN ORGANISASI INTERNASIONAL', '', NULL, 'PT. REFIKA ADITAMA BANDUNG', 'MAY RUDY', 5),
(4, 'ADMINISTRASI KEPEGAWAIAN NEGARA', '', NULL, 'CV. MANDAR MAJU BANDUNG', 'MOEKIJAT', 8),
(5, 'ADMINISTRASI NEGARA', '', NULL, 'PT. RINEKA CIPTA JAKARTA', 'DIMOCK & DIMOCK', 5),
(6, 'ADMINISTRASI PEMBANGUNAN', '', NULL, 'BUMI AKSARA JAKARTA', 'SONDANG P SIAGIAN', 5),
(7, 'ADMINISTRASI PEMBANGUNAN', '', NULL, 'BUMI AKSARA JAKARTA', '', 5),
(8, 'ADMINISTRASI PERKANTORAN MODERN', '', NULL, 'LIBERTY JOGYAKARTA', 'THE LIANG GIE', 5),
(9, 'ADMINISTRASI PERUSAHAAN NEGARA', '', NULL, 'GHALIA INDONESIA', 'PARIATA WESTRA', 5),
(10, 'ADMINISTRASI PERUSAHAAN NEGARA', '', NULL, 'ALFABETA BANDUNG', 'AKADUN', 5),
(11, 'ADMINISTRASI PUBLIK', '', NULL, 'PT. REFIKA ADITAMA BANDUNG', '', 5),
(12, 'ADMINISTRASI PUBLIK BARU INDONESIA', '', NULL, 'PUSTAKA PELAJAR', 'WARSITO UTOMO', 8),
(13, 'ADMINISTRASI PUBLIK DAN IMPLEMENTASINYA', '', NULL, 'PT. REFIKA ADITAMA BANDUNG', 'AMIN IBRAHIM', 5),
(14, 'Agrbisnis Durian', '', NULL, 'pustaka grafika', 'Drs.Arif Prahasta soedarya,M.P.', 4),
(15, 'Agribisnis mentimun', '', NULL, 'pustaka grafika', 'Drs.Arif Prahasta soedarya,M.P.', 4),
(16, 'Agroekosistem (masalah dan solusinya)', '', NULL, 'Rajawali pers', 'ir.suwasono heddy,M.S.', 5),
(17, 'Akuntansi Biaya ', '', NULL, 'Erlangga', 'L.Gayle Rayburn', 6),
(18, 'AKUNTANSI INTERMEDEIATE', '', NULL, 'ERLANGGA JAKARTA', 'K FRED SKOUSEN', 5),
(19, 'Akuntansi Keuangan', '', NULL, 'Ghalia Indonesia', '.Ratma budi priatma.Junaedi abdillah.Suryana', 6),
(20, 'AKUNTANSI PAJAK', '', NULL, 'GRASINDO JAKARTA', 'GUNADI', 5),
(21, 'AKUNTANSI PERPAJAKAN TERAPAN', '', NULL, 'GRASINDO JAKARTA', 'YUSDIANTO PRABOWO', 5),
(22, 'AKUNTANSI SEKTOR PUBLIK', '', NULL, 'BPFE JOGYAKARTA', 'MUHAMMAD MAKSUN, DKK', 5),
(23, 'AKUNTANSI SEKTOR PUBLIK', '', NULL, 'ANDI', '', 5),
(24, 'AMANDEMEN UNDANG-UNDANG MAHKAMAH AGUNG (UU RI NO. 3 TH. 2009)', '9789790073388', NULL, 'SINAR GRAFIKA', 'REDAKSI SINAR GRAFIKA,', 2),
(25, 'AMANDEMEN UU MAHKAMAH AGUNG UU RI AMANDEMEN UU MAHKAMAH AGUNG UU RI NO.3/2009', '', NULL, 'SINAR GRAFIKA', 'REDAKSI', 2),
(26, 'AMANDEMEN UU PEMERINTAHAN', '', NULL, 'SINAR GRAFIKA OFFSET', '', 5),
(27, 'AMANDEMEN UU PERADILAN UMUM UU RI NO.49/2009', '', NULL, 'SINAR GRAFIKA', 'REDAKSI', 5),
(28, 'AMANDEMEN UU PTUN (UU RI NO.9 TH.2004', '', NULL, 'SINAR GRAFIKA', 'REDAKSI', 5),
(29, 'Analisa Bahan Makanan dan Pertanian', '', NULL, 'Liberty', 'Slamet Sudarmaji,Bambang haryono', 4),
(30, 'ANALISIS DATA PENELITIAN KUALITATIF', '', NULL, 'PT. RAJA GRAFINDO PERSADA JAKARTA', 'BURHAN BUNGIN', 8),
(31, 'ANALISIS DATA PENELITIAN MENGGUNAKAN SPSS 13', '', NULL, 'CV. ANDI OFFSET JOGYAKARTA', 'JONATHAN SARWONO', 8),
(32, 'Analisis Ekonomi Proyek-proyek Pertanian', '', NULL, 'Universitas Indonesia', 'J.Prince Gittinger', 5),
(33, 'Analisis Jalur Untuk Riset Bisnis dengan SPSS', '', NULL, 'Penerbit Andi', 'Jonathan Sarwono', 6),
(34, 'Analisis Kebijakan Publik', '', NULL, 'Alfabeta', 'Edi Suharto, Ph.D.', 6),
(35, 'ANALISIS KEBIJAKSANAAN', '', NULL, 'BUMI AKSARA JAKARTA', 'SOLICHIN ABDUL WAHAB', 5),
(36, 'Analisis korelasi,regresi,dan jalur dalam penelitian', '', NULL, 'Pustaka setia', 'Sambas Ali muhidin,S.Pd.M.Si.', 4),
(37, 'Analisis Mengenai Dampak Lingkungan', '', NULL, 'UGM', 'F.Gunarwan Suratmo', 6),
(38, 'Analisis regresi(teori,kasus dan solusi)', '', NULL, 'BPFE-Yogyakarta', 'Algifari dosen STIE-YKPN Yogyakarta', 5),
(39, 'Analisis Usahatan', '', NULL, 'Universitas Indonesia', 'Soekartawi', 4),
(40, 'ANTROPOLOGI SOSIAL BUDAYA', '', NULL, 'PT. RINEKA CIPTA JAKARTA', '', 5),
(41, 'ASAS-ASAS HUKUM PERBANKAN INDONESIA', '9794149713', NULL, 'CITRA ADITYA BAKTI, PT', 'MUHAMMAD DJUMHANA', 2),
(42, 'ASAS-ASAS MANAJEMEN', '', NULL, 'PT. REFIKA ADITAMA BANDUNG', 'ULBERT SILALAHI', 5),
(43, 'ASAS-ASAS MANAJEMEN', '', NULL, 'PT. ALUMNI BANDUNG', 'GEORGE R TERRY ', 5),
(44, 'ASPEK HUKUM DALAM BISNIS', '', NULL, 'RINEKA CIPTA, PT', 'RICHARD burton simatupang', 2),
(45, 'ASPEK HUKUM HAK KEKAYAAN INTELEKTUAL (INTELECTUAL PROPERTY RIGHTS) ED. 3', '', NULL, 'RAJAWALI PERS', 'SAIDin', 4),
(46, 'ASPEK HUKUM LEMBAGA PENJAMIN SIMPANAN(LPS)', '9790073240', NULL, 'SINAR GRAFIKA', 'ADrian sutedi', 2),
(47, 'ASPEK HUKUM OBLIGASI & SUKUK', '9789790072596', NULL, 'SINAR GRAFIKA', 'ADRIAN SUTEDI, S.H.,M.H', 2),
(48, 'ASPEK KEBIJAKSANAAN HUKUM PENATAGUNAAN TANAH DAN PENATAGUNAAN RUANG', '', NULL, 'SINAR GRAFIKA', 'MUCHsin', 2),
(49, 'ATANDAR AKUNTANSI PEMERINTAHAN', '', NULL, 'FOKUS MEDIA BANDUNG', '', 5),
(50, 'AZAS-AZAS HUKUM PERJANJIAN/WIRJONO', '', NULL, 'MANDAR MAJU', 'WiRjono', 6),
(51, 'AZAS-AZAS HUKUM PIDANA', '', NULL, 'RINEKA CIPTA, PT', 'ANDI HAMZAH, Prof. Dr.', 6),
(52, 'Azas-azas marketing', '', NULL, 'Liberty', 'Drs.Basu swastha dh.,M.B.A', 4),
(53, 'Bagaimana Meningkatkan Kemampuan Membaca', '', NULL, 'Sinar Baru Algensindo', 'Drs.Nurhadi', 5),
(54, 'Basic English Grammar', '', NULL, 'prentice hall regents', 'betty schrampfer azar', 6),
(55, 'Belajar Bertanam Palawija', '', NULL, 'PT Advale prima cipta', 'Tatang MH.', 5),
(56, 'Belajar mudah penelitian', '', NULL, 'alfabeta', 'Dr.Ridwan,M.B.A', 4),
(57, 'Bercocok tanam Cabai rawit,cabai merah, jawa', '', NULL, 'Cv.sinar cemerlang abadi', 'Drs.husna amin', 4),
(58, 'Bercocok tanam Cengkeh', '', NULL, 'Aneka ilmu', 'Wahju muljana', 4),
(59, 'Bercocok tanam Cokelat ', '', NULL, 'Aneka ilmu', 'Wahju muljana', 4),
(60, 'Bercocok Tanam Kopi', '', NULL, 'Aneka ilmu', 'Wahju muljana', 6),
(61, 'Bercocok tanam padi', '', NULL, 'Aneka ilmu', 'Sugeng HR', 5),
(62, 'Bercocok Tanam Pepaya', '', NULL, 'Aneka ilmu', 'Wahju muljana', 6),
(63, 'Bercocok tanam Teh', '', NULL, 'Aneka ilmu', 'Wahju muljana', 4),
(64, 'Bertanam Mangga', '', NULL, 'Arkola', 'Drs.Bambang Marhijanto dan Setiyo Wibowo', 5),
(65, 'Bertanam Selada & andewi', '', NULL, 'Kanisius', 'Ir.Rahmat rukmana', 4),
(66, 'Beternak Belut ', '', NULL, 'PT Pabelan Cerdas Nusantara', 'Wahju muljana', 5),
(67, 'Beternak ikan di kolam ', '', NULL, 'Aneka ilmu', 'Sugeng HR', 5),
(68, 'Beternak kerbau (potensi dan analisis usaha)', '', NULL, 'Aneka ilmu', 'ir.H.Rahmat rukmana, M.Sc., M.M.', 5),
(69, 'Beternak Puyuh dan Pemeliharaan Secara Modern', '', NULL, 'Aneka ilmu', 'Wahjuning Dyah Evitasari, dkk.', 6),
(70, 'Beternak sapi daging dan masalahnya', '', NULL, 'Aneka ilmu', 'ir.Bambang setiadi', 5),
(71, 'Biokimia:metabolisme energi,karbohidrat,dan lipid', '', NULL, 'ITB bandung', 'Muhamad wirahadikusumah', 5),
(72, 'BIROKRASI PEMERINTAH INDONESIA', '', NULL, 'CV. MANDAR MAJU BANDUNG', 'INU KENCANA', 5),
(73, 'BIROKRASI POLITIK DI INDONESIA', '', NULL, 'PT. RAJA GRAFINDO PERSADA JAKARTA', 'MIFTAH THOHA', 5),
(74, 'Budi Daya Bengkuang', '', NULL, 'SCA', 'Waresno.Krisdahana', 6),
(75, 'Budi Daya Dan Analisis Usaha Stroberi', '', NULL, 'SCA', 'Aries Setiani', 5),
(76, 'Budi daya dan pascapanen (jagung manis)', '', NULL, 'Aneka ilmu', 'H.Rahmat rukmana', 5),
(77, 'Budi Daya Dan Peluang Usaha Jamur Kuping', '', NULL, 'Aneka ilmu', 'Hardi Soenanto', 5),
(78, 'Budi Daya Jahe dan Peluang Usaha', '', NULL, 'Aneka ilmu', 'Hardi Soenanto', 6),
(79, 'Budi daya keluih', '', NULL, 'Kanisius', 'setijo pitojo', 5),
(80, 'Budi Daya Lebah Madu', '', NULL, 'Aneka ilmu', 'Ir.Budi Samadi', 6),
(81, 'Budi Daya Lele Keli', '', NULL, 'Rineka cipta dan Bina Adiaksara', 'M.Ghufran H.kordi K.', 5),
(82, 'Budi Daya Manggis ', '', NULL, 'Aneka ilmu', 'Setijo pitojo Dan Hesti Nira Puspita', 5),
(83, 'Budi Daya Udang', '', NULL, 'Aneka ilmu', 'Soetarno AK', 5),
(84, 'Budi daya usaha pengolahan agribisnis mangga', '', NULL, 'pustaka grafika', 'Drs.Arif Prahasta soedarya,M.P.', 5),
(85, 'Budidaya cacing tanah', '', NULL, 'Cv.sinar cemerlang abadi', 'Sri winarsih,S.Pd.', 4),
(86, 'Budidaya dan pascapanen Sukun', '', NULL, 'Aneka ilmu', 'Drs.Eling purwanto ,M.Si', 4),
(87, 'Budidaya Jambu air', '', NULL, 'Cv.chyyas putra', 'T.puji rahayu', 4),
(88, 'Budidaya Jambu Biji', '', NULL, 'Aneka ilmu', 'T.puji rahayu', 5),
(89, 'Budidaya Kacang tanah', '', NULL, 'Aneka ilmu', 'Ir.Bambang Cahyo ', 4),
(90, 'Budidaya Srikaya', '', NULL, 'Aneka ilmu', 'Warisno Kres dhana', 4),
(91, 'Budidaya Tan. Jarak Pagar (penghasil biodiesel', '', NULL, 'Aneka ilmu', 'Muhammad taufan ,S.Hut.', 4),
(92, 'Budidaya Tanaman Bawang merah', '', NULL, 'Aneka ilmu', 'sugiharto', 4),
(93, 'Budidaya Tanaman Manggis', '', NULL, 'Pt.panca anugerah sakti', 'Nunung N.Yusdiana', 4),
(94, 'Budidaya tanaman Tebu', '', NULL, 'Bumi aksara', 'R.M.Edhi sutardjo', 4),
(95, 'Budidaya-Usaha-Pengolahan Agribisnis IKAN BAWAL', '', NULL, 'Pustaka grafika', 'Drs.Arief Prahasta, M.P.-Dr.Ir. Hasanawi Masturi, M.P.', 5),
(96, 'Budidaya-Usaha-Pengolahan Agribisnis Rambutan', '', NULL, 'Pustaka grafika', 'Drs.Arief Prahasta, M.P.-Dr.Ir. Hasanawi Masturi, M.P.', 6),
(97, 'BUKU PENUNTUN MEMBUAT TESIS, SKRIPSI, DISERTASI , MAKALAH', '', NULL, 'PT. BUMI AKSARA JAKARTA', 'S NASUTION, DKK', 5),
(98, 'Bunga Rampai perpajakan ', '', NULL, 'salemba empat', 'Rachmanto surahmat', 4),
(99, 'Cara beternak kambing', '', NULL, 'Aneka ilmu', 'Wahju muljana', 5),
(100, 'Cara Praktis Bertanam Jeruk ', '', NULL, 'Aneka ilmu', 'W.P. Evita Dewi', 6),
(101, 'Complete English Grammar', '', NULL, 'Titik Terang', 'M.J.Lado', 6),
(102, 'CONTOH BENTUK-BENTUK SURAT DI BIDANG KEPENGACARAAN PERDATA ED.2', '9789790070653', NULL, 'SINAR GRAFIKA', 'Soeroso', 4),
(103, 'CONTOH-CONTOH PERJANJIAN YANG BANYAK DIPERGUNAKAN DALAM PRAKTIK [HC]', '9790070594', NULL, 'SINAR GRAFIKA', 'R. SOEROSO, S.H', 4),
(104, 'DASAR & STRUKTUR KETATANEGARAAN INDONESIA', '', NULL, 'RINEKA CIPTA, PT', 'MOH mahfud', 3),
(105, 'Dasar-Dasar Agronomi', '', NULL, 'Rajawali Pers', 'Prof.Dr.Hasan Basri Jumin,M.Sc.', 6),
(106, 'dasar-dasar biokimia', '', NULL, 'Universitas Indonesia', 'Prof.Dr.Anna poedjiadi', 4),
(107, 'DASAR-DASAR DEMOGRAFI', '', NULL, 'FEUI', '', 5),
(108, 'DASAR-DASAR ILMU HUKUM', '', NULL, 'SINAR GRAFIKA', 'ISHAQ S.H', 5),
(109, 'DASAR-DASAR KEBIJAKAN PUBLIK', '', NULL, 'ALFABETA BANDUNG', '', 5),
(110, 'DASAR-DASAR KEPEMIMPINAN ADMINISTRASI', '', NULL, 'GADJAH MADA UNIVERSITY PRESS ', 'SUTARTO', 8),
(111, 'DASAR-DASAR LOGIKA', '', NULL, 'PT. BUMI AKSARA JAKARTA', 'SURAJIYO,DKK', 5),
(112, 'DASAR-DASAR LOGIKA', '', NULL, 'BUMI AKSARA JAKARTA', '', 5),
(113, 'DASAR-DASAR MANAJEMEN', '', NULL, 'GADJAH MADA UNIVERSITY PRESS ', 'MANULANG', 8),
(114, 'DASAR-DASAR MANAJEMEN KEUANGAN', '', NULL, 'ERLANGGA JAKARTA', 'J FRED WESTON', 5),
(115, 'DASAR-DASAR PENELITIAN ILMIAH', '', NULL, 'CV. PUSTAKA SETIA', 'M SUBANA', 5),
(116, 'DASAR-DASAR PENELITIAN ILMIAH', '', NULL, 'PUSTAKA SETIA BANDUNG', '', 5),
(117, 'DASAR-DASAR PENGETAHUAN TENTANG MANAJEMEN PERKANTORAN, SUATU PENGANTAR ', '', NULL, 'CV. MANDAR MAJU BANDUNG', 'SEDARMAYANTI', 8),
(118, 'Dasar-dasar pengolahan air limbah', '', NULL, 'Universitas Indonesia', 'sugiharto', 4),
(119, 'Dasar-Dasar Prlindungan Hutan', '', NULL, 'UGM', 'Sumardi dan S.M.Widyastuti', 6),
(120, 'DASAR-DASAR PUBLIC RELATIONS', '', NULL, 'P2U-LPPM UNISBA', 'NENI YULIANITA', 5),
(121, 'DASAR-DASAR STATISTIKA', '', NULL, 'ALFABETA BANDUNG', 'MOCH. IDOCHI', 8),
(122, 'DASAR-DASAR STATISTIKA', '', NULL, 'ALFABETA BANDUNG', 'RIDUWAN', 5),
(123, 'DEKONSTRUKSI DAN REKONSTRUKSI HUKUM ISLAM', '', NULL, 'GAMA MEDIA', 'ILYAS SUPENA', 5),
(124, 'DELIK-DELIK KHUSUS : KEJAHATAN TERHADAP NYAWA, TUBUH & KESEHATAN ED.2', '', NULL, 'SINAR GRAFIKA', 'LAmintang', 2),
(125, 'DELIK-DELIK KHUSUS KEJAHATAN TERHADAP HARTA KEKAYAAN ED.2', '9790073046', NULL, 'SINAR GRAFIKA', 'LAmintang', 3),
(126, 'DELIK-DELIK KHUSUS: KEJAHATAN MEMBAHAYAKAN KEPERCAYAAN UMUM TERHADAP SURAT, ALAT PEMBAYARAN, ALAT BUKTI, DAN PERADILAN ED.2', '', NULL, 'SINAR GRAFIKA', 'LAmintang', 2),
(127, 'DELIK-DELIK KHUSUS:KEJAHATAN JABATAN & KEJAHATAN JABATAN TERTENTU SEBAGAI TINDAK PIDANA KORUPSI ED 2', '', NULL, 'SINAR GRAFIKA', 'LAmintang', 2),
(128, 'DELIK-DELIK KHUSUS:KEJAHATAN TERHADAP KEPENTINGAN HUKUM NEGARA ED.KEDUA', '9790073003', NULL, 'SINAR GRAFIKA', 'LAmintang', 2),
(129, 'DEMILITERISASI DEMOKRATISASI DESENTRALISASI', '', NULL, 'IRE PRESS JOGYAKARTA', 'ARIE SUJITO,DKK', 5),
(130, 'Demografi Umum', '', NULL, 'Putaka Pelajar', 'Prof. Ida Bagoes Mantra,Ph.D', 6),
(131, 'DEMOKRASI OVERDOSIS', '', NULL, 'PUSTAKA PELAJAR JAKARTA', 'IRANDA YUDHATAMA', 5),
(132, 'Dinamika Wilayah PERI-URBAN Determinan Masa Depan Kota', '', NULL, 'Pustaka Pelajar', 'Prof.Dr.Hadi Yunus,M.A.', 6),
(133, 'EASY TOEFL test of english', '', NULL, 'Pustaka pelajar', 'Drs.Slamet Riyanto ,M.Pd.', 4),
(134, 'EFISIENSI, SISTEM, DAN PROSEDUR KERJA', '', NULL, 'PT. BUMI AKSARA JAKARTA', 'IBNU SAMSI', 8),
(135, 'Ekologi,Lingkungan hidup dan pembangunan', '', NULL, 'Djambatan', 'Otto soemarwoto', 4),
(136, 'EKONOMI INTERNASIONAL', '', NULL, 'PT. GELORA AKSARA PRATAMA', 'SALVATOR', 5),
(137, 'Ekonomi koperasi ', '', NULL, 'alfabeta', 'Drs.Subandi,M.M', 4),
(138, 'Ekonomi Politik', '', NULL, 'Bumi aksara', 'Hudiyanto', 4),
(139, 'EKONOMI PUBLIK', '', NULL, 'BPFE JOGYAKARTA', 'SUKANTO REKSO HADIPRODJO', 5),
(140, 'EKSTRADISI & BANTUAN TIMBAL BALIK DALAM MASALAH PIDANA', '9789795189763', NULL, 'RINEKA CIPTA, PT', 'SISWANTO SUNARSO, DR.,SH.,MH.,M,Kn', 3),
(141, 'English Grammar and conversation', '', NULL, 'Karya ilmu surabaya', 'Soedirman S.Eg.M.To', 4),
(142, 'Ensiklopedi Konsevasi sumber daya', '', NULL, 'Erlangga', 'Ir.Dwiatmo siswomartono,M.Sc.', 4),
(143, 'ETIKA ADMINISTRASI NEGARA', '', NULL, 'PT. RAJA GRAFINDO PERSADA JAKARTA', 'WAHYUDI KUM OROTOMO', 5),
(144, 'ETIKA ADMINISTRASI NEGARA', '', NULL, 'PT. RAJA GRAFINDO PERSADA JAKARTA', 'WAHYUDI KUMOROTOMO', 5),
(145, 'ETIKA DAN AKUNTABILITAS PROFESI AKUNTAN PUBLIK', '', NULL, 'INTI MEDIA MALANG', 'DJUNI FARHAN', 8),
(146, 'ETIKA PROFESI HUKUM', '9798061527', NULL, 'SINAR GRAFIKA', 'SUHRAWARDI K. LUBIS, S.H.', 4),
(147, 'EVALUASI KINERJA SDM', '', NULL, 'PT. REFIKA ADITAMA BANDUNG', 'ANWAR PRABU MANGKUNEGARA', 5),
(148, 'Evaluasi Proyek ', '', NULL, 'LIBERTY', 'Drs.Muljadi Pudjosumarto', 6),
(149, 'FILSAFAT ADMINISTRASI', '', NULL, 'BUMI AKSARA JAKARTA', 'SONDANG P SIAGIAN', 5),
(150, 'Filsafat Bahasa .Menggungkap hakikat bahasa', '', NULL, 'Rosda', 'Asep Ahmad Hidayat', 4),
(151, 'FILSAFAT HUKUM', '9793421509', NULL, 'SINAR GRAFIKA', 'ZAINUDDIN ALI, Prof., Dr., H., M.A', 4),
(152, 'FILSAFAT HUKUM', '9793421509', NULL, 'SINAR GRAFIKA', 'ZAINUDDIN ALI, Prof., Dr., H., M.A', 2),
(153, 'FILSAFAT HUKUM (PERKEMBANGAN & DINAMIKA MASALAH)', '9791073597', NULL, 'REFIKA ADITAMA, PT', 'H.R OTJE SALMAN S., Prof. Dr.,SH.', 2),
(154, 'FILSAFAT HUKUM I', '', NULL, 'PRADNYA PARAMITA', 'MR. SOETIKSNO', 2),
(155, 'FILSAFAT HUKUM II', '', NULL, '-', 'MR. SOETIKSNO', 2),
(156, 'FILSAFAT ILMU', '', NULL, 'PT. RAJA GRAFINDO PERSADA JAKARTA', 'AMSAL BAKHTIAR', 8),
(157, 'FILSAFAT UMUM KONSEPSI SEJARAH DAN ALIRAN', '', NULL, 'GUNUNG PERSADA PRES JAKARTA', 'SUHAR AM', 8),
(158, 'Fisiologi ikan (dasar pengembangan teknik perikanan)', '', NULL, 'Rineka cipta', 'ir.yushinta fujaya, M.Si.', 5),
(159, 'Fisiologi Tanaman Budidaya', '', NULL, 'UIP', 'Franklin p. Gardner r. Brent Pearce Roger L. Mitchell', 6),
(160, 'Fisiologi Tumbuhan', '', NULL, 'ITB bandung', 'Frank B Salisbury dan Cleon W Ross', 6),
(161, 'Fisiologi Tumbuhan jilid 3', '', NULL, 'ITB', 'Frank B Salisbury & cleon W Ross', 4),
(162, 'Fonologi Bahasa indonesia', '', NULL, 'Rineka cipta', 'Abdul chaer', 4),
(163, 'FUNGSI-FUNGSI MANAJERIAL', '', NULL, 'BUMI AKSARA JAKARTA', 'SONDANG P SIAGIAN', 5),
(164, 'Gapang menguasai Microsf.EXEL2010', '', NULL, 'Yrama widya', 'Dyah istiana+Mardiana wati', 4),
(165, 'GENDER DAN ADMINISTRASI PU BLIK', '', NULL, 'PUSTAKA PELAJAR JOGYAKARTA', 'RIANT NUGROHO', 5),
(166, 'Genetika Tumbuhan', '', NULL, 'Gadjah mada university', 'Ir.lilik kusdiarti , M.Sc.', 4),
(167, 'GOOD GOVERNANCE', '', NULL, 'CV. MANDAR MAJU BANDUNG', 'SEDARMAYANTI', 5),
(168, 'GOOD GOVERNANCE 2', '', NULL, 'CV. MANDAR MAJU BANDUNG', '', 5),
(169, 'Gula Kelapa produk industri Hilir sepanjang masa', '', NULL, 'Arkola', 'Ir.Issoesetiyo  Drs.Totok Sudarto', 6),
(170, 'HAK ATAS KEKAYAAN INTELEKTUAL', '', NULL, 'SINAR GRAFIKA', 'ADrian sutedi', 4),
(171, 'HAK CIPTA DAN ASPEK-ASPEK HUKUMNYA', '9789795189879', NULL, 'RINEKA CIPTA, PT', 'GATOT SUPRAMONO, S.H.,M.Hum', 4),
(172, 'HAK KEKAYAAN INTELEKTUAL', '9789792447804', NULL, 'ASA MANDIRI', 'F. AGSYA GUZA', 5),
(173, 'HERMENEUTIKA ILMU SOSIAL', '', NULL, 'KREASI WACANA BANTUL', 'PAUL RICOEUR', 5),
(174, 'HIMPUNAN PERATURAN PERUNDANG-UNDANGAN REPUBLIK INDONESIA: NARKOTIKA DAN PSIKOTROPIKA ED. REVISI', '9793944838', NULL, 'NUANSA AULIA', 'TIM REDAKSI NUANSA AULIA,', 2),
(175, 'HIMPUNAN PERATURAN PERUNDANG-UNDANGAN: KEUANGAN NEGARA ED. LENGKAP', '', NULL, 'FOKUS MEDIA', 'TIM REDAKSI FOKUSMEDIA,', 2),
(176, 'HIMPUNAN PERATURAN PERUNDANG-UNDANGAN: KOMPILASI HUKUM EKONOMI SYARIAH (K.H.E.S) ED. TERBARU TAHUN 2010', '9786028189392', NULL, 'FOKUS MEDIA', 'TIM REDAKSI FOKUSMEDIA,', 2),
(177, 'HIMPUNAN PERATURAN PERUNDANG-UNDANGAN: PEGAWAI NEGERI SIPIL (PNS) ED. LENGKAP 2009', '9786028189439', NULL, 'FOKUS MEDIA', 'TIM REDAKSI FOKUSMEDIA,,', 2),
(178, 'HIMPUNAN PERATURAN PERUNDANG-UNDANGAN: PEMBENTUKAN PERATURAN PERUNDANG-UNDANGAN', '', NULL, 'FOKUS MEDIA', 'TIM REDAKSI FOKUSMEDIA,', 4),
(179, 'HIMPUNAN PERATURAN PERUNDANG-UNDANGAN: PEMBERANTASAN TINDAK PIDANA KORUPSI ED. 2009', '9789793519890', NULL, 'FOKUS MEDIA', 'TIM REDAKSI FOKUSMEDIA,', 3),
(180, 'HIMPUNAN PERATURAN PERUNDANG-UNDANGAN: PENGELOLAAN DAN PENYELENGGARAAN PENDIDIKAN ED. 2010', '9786028733298', NULL, 'FOKUS MEDIA', 'TIM REDAKSI FOKUSMEDIA,,,', 2),
(181, 'HIMPUNAN PERATURAN PERUNDANG-UNDANGAN: TINDAK PIDANA PENCUCIAN UANG DAN TERORIS ED. TERBARU 2011', '9786028733328', NULL, 'FOKUS MEDIA', 'TIM REDAKSI FOKUSMEDIA,', 2),
(182, 'HIMPUNAN PERATURAN PERUNDANG-UNDANGAN: UNDANG-UNDANG KEHUTANAN DAN ILLEGAL LOGGING 2007', '', NULL, 'FOKUS MEDIA', 'TIM REDAKSI FOKUSMEDIA,,', 2),
(183, 'HIMPUNAN PERATURAN PERUNDANG-UNDANGAN: UNDANG-UNDANG KEHUTANAN DAN ILLEGAL LOGGING ED. LENGKAP 2010', '9786028733038', NULL, 'FOKUS MEDIA', 'TIM REDAKSI FOKUSMEDIA,', 2),
(184, 'HIMPUNAN PERATURAN PERUNDANG-UNDANGAN: UNDANG-UNDANG KEHUTANAN DAN ILLEGAL LOGGING ED. LENGKAP 2010', '9786028733038', NULL, 'FOKUS MEDIA', 'TIM REDAKSI FOKUSMEDIA,', 2),
(185, 'HIMPUNAN PERATURAN PERUNDANG-UNDANGAN: UNDANG-UNDANG KEKUASAAN KEHAKIMAN DAN MAHKAMAH AGUNG ED. REVISI 2009', '9786028189552', NULL, 'FOKUS MEDIA', 'TIM REDAKSI FOKUSMEDIA,,', 2),
(186, 'HIMPUNAN PERATURAN PERUNDANG-UNDANGAN: UNDANG-UNDANG LALU LINTAS DAN ANGKUTAN JALAN', '9786028189750', NULL, 'FOKUS MEDIA', 'TIM REDAKSI FOKUSMEDIA,', 2),
(187, 'HIMPUNAN PERATURAN PERUNDANG-UNDANGAN: UNDANG-UNDANG PEMBENTUKAN PERATURAN PERUNDANG-UNDANGAN ED. 2011', '', NULL, 'FOKUS MEDIA', 'TIM REDAKSI', 2),
(188, 'HIMPUNAN PERATURAN PERUNDANG-UNDANGAN: UNDANG-UNDANG PENEMPATAN DAN PERLINDUNGAN TENAGA KERJA INDONESIA ED. REVISI TAHUN 2010', '9786028733151', NULL, 'FOKUS MEDIA', 'TIM FOKUSMEDIA,', 2),
(189, 'HIMPUNAN PERATURAN PERUNDANG-UNDANGAN: UNDANG-UNDANG PERSEROAN TERBATAS ED. REVISI 2010', '9789793519951', NULL, 'FOKUS MEDIA', 'TIM REDAKSI FOKUSMEDIA,', 2),
(190, 'HIMPUNAN PERATURAN PERUNDANG-UNDANGAN: UNDANG-UNDANG POKOK-POKOK KEPEGAWAIAN (PNS) PEGAWAI NEGERI SIPIL', '97860287330502', NULL, 'FOKUS MEDIA', 'TIM REDAKSI FOKUSMEDIA,', 2),
(191, 'HIMPUNAN PERATURAN PERUNDANG-UNDANGAN: UNDANG-UNDANG PORNOGRAFI', '9786028189446', NULL, 'FOKUS MEDIA', 'TIM REDAKSI FOKUSMEDIA,,', 4),
(192, 'HIMPUNAN UNDANG-UNDANG HAK KEKAYAAN INTELEKTUAL', '9789792904031', NULL, 'ANDI OFFSET', 'MASSUDILAWE & PARTNERS,,', 5),
(193, 'HUBUNGAN PEMERINTAH PUSAT DAERAH', '', NULL, 'RINEKA CIPTA, PT', 'IRAWAN', 5),
(194, 'HUKUM & POLITIK KEDIRGANTARAAN', '', NULL, '-', '-', 3),
(195, 'HUKUM ACARA KHUSUS', '9790073488', NULL, 'SINAR GRAFIKA', 'R. SOEROSO, S.H.', 4),
(196, 'HUKUM ACARA PENGUJIAN UNDANG-INDANG', '9790072740', NULL, 'SINAR GRAFIKA', 'JIMLY ASSHIDDIQY', 2),
(197, 'HUKUM ACARA PENGUJIAN UU', '', NULL, 'SINAR GRAFIKA', 'JIMLY ASSHIDDIQY', 5),
(198, 'HUKUM ACARA PERADILAN TATA USAHA NEGARA', '', NULL, 'RAJAWALI PERS', 'H.ROZALI ABDLAH', 3),
(199, 'HUKUM ACARA PERADILAN TATA USAHA NEGARA ED. REVISI', '9794216739', NULL, 'RAJAWALI PERS', 'ZAiRIN HARAHAP', 4),
(200, 'HUKUM ACARA PERDATA', '9798767276', NULL, 'SINAR GRAFIKA', 'M. NUR RASAID, S.H.', 4),
(201, 'HUKUM ACARA PERDATA', '979342172X', NULL, 'SINAR GRAFIKA', 'M. YAHYA HARAHAP, S.H', 2),
(202, 'HUKUM ACARA PERDATA LENGKAP & PRAKTIS', '979007347', NULL, 'SINAR GRAFIKA', 'Soeroso', 3),
(203, 'HUKUM ACARA PIDANA INDONESIA ED. 2', '9789790070646', NULL, 'SINAR GRAFIKA', 'JUR ANDI HAMZAH, Prof.Dr.', 3),
(204, 'HUKUM ADMINISTRASI NEGARA', '', NULL, 'PT. RAJA GRAFINDO PERSADA JAKARTA', 'RIDWAN HR', 5),
(205, 'HUKUM ADMINISTRASI NEGARA', '', NULL, 'RAJAWALI ', '', 5),
(206, 'HUKUM ADMINISTRASI NEGARA', '9797690288', NULL, 'RAJAGRAFINDO PERSADA', 'RIDWAN HR,', 5),
(207, 'HUKUM ADMINISTRASI NEGARA', '9797690288', NULL, 'RAJAGRAFINDO PERSADA', 'RIDWAN HR,', 2),
(208, 'HUKUM AGRARIA', '9790070012', NULL, 'SINAR GRAFIKA', 'SUPRIADI, S.H., M.Hum', 4),
(209, 'HUKUM ASURANSI SYARIAH', '', NULL, 'SINAR GRAFIKA', 'ZAINUDDIN ALI', 3),
(210, 'HUKUM BISNIS/EC', '', NULL, 'REFIKA ADITAMA, PT', 'JOHANES', 2),
(211, 'HUKUM DAGANG', '9789790072688', NULL, 'SINAR GRAFIKA', 'FARIDA HASYIM, Dra.,M.Hum', 4),
(212, 'HUKUM DAGANG INTERNASIONAL (DALAM KERANGKA STUDI ANALITIS)', '9797690407', NULL, 'RAJAGRAFINDO PERSADA', 'SYAHMIN, AK.,S.H.,M.H.', 4),
(213, 'HUKUM DAGANG TENTANG SURAT-SURAT BERHARGA ED.5', '', NULL, 'CITRA ADITYA BAKTI, PT', 'ABDULKADIR MUHAMMAD', 3),
(214, 'HUKUM DAN PENELITIAN HUKUM', '9794149071', NULL, 'CITRA ADITYA BAKTI, PT', 'ABDULKADIR MUHAMMAD', 4),
(215, 'HUKUM HAK KEKAYAAN INTELEKTUAL', '9789790072787', NULL, 'SINAR GRAFIKA', 'ERMANSYAH DJAJA, Dr.,S.H.,.mSi', 4),
(216, 'HUKUM KEPAILITAN', '9790070519', NULL, 'SINAR GRAFIKA', 'JONO, S.H.', 2),
(217, 'HUKUM KEPAILITAN', '9790070519', NULL, 'SINAR GRAFIKA', 'JONO, S.H.', 2),
(218, 'HUKUM KEPEGAWAIAN DI INDONESIA', '', NULL, 'SINAR GRAFIKA', 'SRI HArtini', 2),
(219, 'HUKUM KEPOLISIAN', '', NULL, 'LAMBANG MEDIA TAMA SURABAYA', 'UDI RAHADI', 5),
(220, 'HUKUM KESEHATAN PERTANGGUNGJAWABAN DOKTER', '9795189298', NULL, 'RINEKA CIPTA, PT', 'BAHDAR JOHAN NASUTION, DR. S.H., S.M., M.HUM', 2),
(221, 'HUKUM KEUANGAN NEGARA', '9789790073289', NULL, 'SINAR GRAFIKA', 'ADRIAN SUTEDI, S.H., M.H.', 2),
(222, 'HUKUM KEWARGANEGARAAN & KEIMIGRASIAN', '9786028299961', NULL, 'BAYUMEDIA PUBLISHING', 'HERLIN WIJAYATI, SH.,MH.', 2),
(223, 'HUKUM KEWARISAN ISLAM INDONESIA', '', NULL, 'SINAR GRAFIKA', 'SAYuti thalib', 4),
(224, 'HUKUM KONTRAK', '9793421479', NULL, 'SINAR GRAFIKA', 'SALIM H.S, S.H., M.S.', 4),
(225, 'HUKUM KONTRAK BUKU 2(DARI SUDUT PANDANG HUKUM BISNIS)', '', NULL, 'CITRA ADITYA BAKTI, PT', 'MUNIR FUADi', 3),
(226, 'HUKUM KONTRAK BUKU I(DARI SUDUT PANDANG HUKUM BISNIS)', '', NULL, 'CITRA ADITYA BAKTI, PT', 'MUNIR FUADY', 3),
(227, 'HUKUM LEMBAGA PEMBIAYAAN', '9789790070509', NULL, 'SINAR GRAFIKA', 'Sunaryo', 3),
(228, 'HUKUM LINGKUNGAN DI INDONESIA SEBUAH PENGANTAR', '9793421495', NULL, 'SINAR GRAFIKA', 'SUPRIADI, S.H., M.Hum', 4),
(229, 'HUKUM LINGKUNGAN ED. BARU', '9795183311', NULL, 'RINEKA CIPTA, PT', 'P. JOKO SUBAGYO, S.H', 2),
(230, 'HUKUM LINGKUNGNAN DAN KEBIJAKSANAAN LINGKUNGNAN NASIONAL', '', NULL, 'PUSAT PENERBITAN & PERCETAKAN (AUP) UNIV.AIRLANGGA', 'SITI SUNDARI H.S. M.PD', 4),
(231, 'HUKUM NOTARIS INDONESIA', '9789791073120', NULL, 'REFIKA ADITAMA, PT', 'HABIB ADJIE, Dr.,SH.,M.Hum.', 2),
(232, 'HUKUM PENITENSIER INDONESIA ED. 2', '9790073348', NULL, 'SINAR GRAFIKA', 'P.A.F. LAMINTANG, S.H.THEO LAMINTANG, S.H.', 2),
(233, 'HUKUM PERBANKAN', '', NULL, 'SINAR GRAFIKA', 'DJONi s.gazali', 3),
(234, 'HUKUM PERBANKAN', '9789790070059', NULL, 'SINAR GRAFIKA', 'ADRIAN SUTEDI, S.H.,M.H.', 2),
(235, 'HUKUM PERBURUHAN', '9790070586', NULL, 'SINAR GRAFIKA', 'ANDRIAN SUTEDI, SH., MH.', 4),
(236, 'HUKUM PERIZINAN', '9790073186', NULL, 'SINAR GRAFIKA', 'ADrian sutedi', 3),
(237, 'HUKUM PERJANJIAN INTERNASIONAL BAGIAN 2', '', NULL, 'MANDAR MAJU', 'I wayan parthiana', 3),
(238, 'HUKUM PERLINDUNGAN DAN PENGANGKATAN ANAK DI INDONESIA', '', NULL, 'RAJAWALI PERS', 'DRS.H.Ahmad kamilDRS.M.FAUZAN', 3),
(239, 'HUKUM PERLINDUNGAN KONSUMEN', '9790072406', NULL, 'SINAR GRAFIKA', 'CELINA TRI SIWI KRISTIYANTI, S.H., M.Hum', 2),
(240, 'HUKUM PERS DI INDONESIA', '9789795189961', NULL, 'RINEKA CIPTA, PT', 'EDY SUSANTO, S.H.,M.H.MOHAMMAD TAUFIK MAKARAO, Prof.,S.H.,M.H.HAMID SYAMSUDIN, S.H.', 2),
(241, 'HUKUM PERSEROAN TERBATAS [HC]', '9789790072671', NULL, 'SINAR GRAFIKA', 'M. YAHYA HARAHAP, S.H', 2),
(242, 'HUKUM PIDANA 1', '9798061780', NULL, 'SINAR GRAFIKA', 'ZAINAL ABIDIN FARID, Prof., Dr., Mr., H.A., S.H', 3),
(243, 'HUKUM RUANG ANGKASA', '', NULL, 'PRADNYA PARAMITA', 'JUajir', 2),
(244, 'HUKUM TATA NEGARA', '', NULL, 'BPFE JOGYAKARTA', 'SUHINO, DKK', 5),
(245, 'HUKUM TATA NEGARA', '', NULL, 'BPFE JOGYAKARTA', 'SOEHINO', 5),
(246, 'HUKUM TATA NEGARA DAN PILAR-PILAR DEMOKRASI', '', NULL, 'SINAR GRAFIKA OFFSET', 'JIMLY ASSHIDDIQIE', 5),
(247, 'HUKUM TATA NEGARA DARURAT', '', NULL, 'PT. RAJA GRAFINDO PERSADA JAKARTA', 'JIMLY ASSHIDDIQIE', 5),
(248, 'HUKUM TATA NEGARA ED. 1', '', NULL, 'BPFE', 'SOEHINO, Prof.,S.H', 4),
(249, 'HUKUM TATA NEGARA INDONESIA', '', NULL, 'CV. SINAR BAKTI JAKARTA', 'KUSNADI', 5),
(250, 'HUKUM TATA NEGARA REFLEKSI KEHIDUPAN KETATANEGARAAN', '', NULL, 'PUSTAKA SETIA, CV', 'DEDI , Prof.', 3),
(251, 'HUKUM TATA NEGARA REPUBLIK INDONESIA ED.2008', '', NULL, 'RINEKA CIPTA, PT', 'PRO.kansil', 3),
(252, 'HUKUM TATA NEGARA TEKNIK PERUNDANG-UNDANGAN', '', NULL, 'BPFE JOGYAKARTA', 'SOEHINO', 5),
(253, 'HUKUM TELEKOMUNIKASI, PENYIARAN & TEKNOLOGI INFORMASI', '9786028650182', NULL, 'REFIKA ADITAMA, PT', 'DANRIVANTO BUDHIJANTO, Dr.SH.,LL.M in IT law', 2),
(254, 'HUKUM WARIS ISLAM (LENGKAP & PRAKTIS) ED. 2', '9789790070479', NULL, 'SINAR GRAFIKA', 'SUHRAWARDI K. LUBIS, S.HKOMIS SIMANJUNTAK, S.H', 5),
(255, 'ILMU ADMINISTRASI PUBLIK', '', NULL, 'PT. RINEKA CIPTA JAKARTA', 'INU KENCANA SYAFIIE', 5),
(256, 'ILMU ALAMIAH DASAR', '', NULL, 'BUMI AKSARA JAKARTA', 'ABDULLAH ALY', 5),
(257, 'ILMU ALAMIAH DASAR', '', NULL, 'PT. RAJA GRAFINDO PERSADA JAKARTA', 'MASKOERI JASIN', 5),
(258, 'ILMU BUDAYA DASAR', '', NULL, 'PT. RINEKA CIPTA JAKARTA', 'JOKO TRI PRASETYA', 5),
(259, 'ILMU BUDAYA DASAR', '', NULL, 'PUSTAKA SETIA BANDUNG', 'RAMDANI WAHYU', 5),
(260, 'ILMU BUDAYA DASAR', '', NULL, 'PT. BUMI AKSARA JAKARTA', 'JOKO WIDAGDHO', 5),
(261, 'ILMU BUDAYA DASAR', '', NULL, 'PT. RINEKA CIPTA JAKARTA', '', 5),
(262, 'Ilmu lingkungan', '', NULL, 'ITB', 'r.e. Soeriaatmadja', 4),
(263, 'ILMU PEMERINTAHAN', '', NULL, 'CV. MANDAR MAJU BANDUNG', 'INU KENCANA', 8),
(264, 'Ilmu Penyakit Pasca Panen', '', NULL, 'Bumi aksara', 'Ir.H.Toekidjo,.M.Sc.', 6),
(265, 'ILMU PERUNDANG-UNDANGAN 2', '9789792116113', NULL, 'KANISIUS', 'MARIA FARIDA INDRATI S.,,', 3),
(266, 'ILMU POLITIK', '', NULL, 'PT. RINEKA CIPTA JAKARTA', 'INU KENCANA', 5),
(267, 'Ilmu sosial budaya dasar ', '', NULL, 'PT citra aditya bakti', 'prof.Abdulkadir muhammad,S.H.', 5),
(268, 'Ilmu Ternak Lebah Madu', '', NULL, 'UGM', 'D.T.H.sihombino', 4),
(269, 'Ilmu usaha tani ', '', NULL, 'Universitas Indonesia', 'Soekartawi', 4),
(270, 'Ilmu,teori dan filsafat komunikasi', '', NULL, 'Pt.citra aditya bakti', 'Prof.onong uchjana effendy,M.A', 4),
(271, 'Jagung (budi daya,pascapanen,dan penganekaragaman pangan', '', NULL, 'Aneka ilmu', 'H.Rahmat rukmana', 5),
(272, 'Jagung Siklus Kehidupan', '', NULL, 'akademia', 'julie murray', 4),
(273, 'Jambu mente (teknik budidaya &pengolahannya', '', NULL, 'Aneka ilmu', 'Ir.Budi samadi', 4),
(274, 'jamur tiram', '', NULL, 'pt pabelan', 'Hardi soenanto', 4),
(275, 'Jarak pagar (budidaya,pengolahan&pengemasan', '', NULL, 'dinamika media', 'Rully dwi Hapsari', 4),
(276, 'Kacang buncis (teknik budi daya dan analisis usaha tani)', '', NULL, 'Kanisius', 'ir.bambang cahyono', 5),
(277, 'Kacang hijau', '', NULL, 'Aneka ilmu', 'Ir.Bambang Cahyo ', 4),
(278, 'Kamus indonesia-inggris', '', NULL, 'Arkola', 'Priyo Darmanto+ pujo wiyoto', 4),
(279, 'Kamus istilah hukum agraria indonesia', '', NULL, 'Jala', 'Binoto nadapdap,SH.,MH', 4),
(280, 'Kamus lengkap ekonomi', '', NULL, 'Panji pustaka', 'Dr.Siti Nur azizah', 4),
(281, 'Kamus Sosiologi', '', NULL, 'Rafa pustaka', 'Team rafa pustaka', 6),
(282, 'KAMUS UMUM BAHASA INDONESIA', '', NULL, 'BALAI PUSTAKA JAKARTA', 'WJS POERWADARMINTA', 5),
(283, 'Kandungan organik tumbuhan tinggi', '', NULL, 'ITB', 'Trevor Robinson', 4),
(284, 'Karya Tulis Ilmiah', '', NULL, 'Refika Aditama', 'Prof.Dr.H.Imam Suyitno,M.Pd.', 6),
(285, 'KATASTROPI HUKUM & QUO VADIS SISTEM POLITIK PERADILAN INDONESIA', '', NULL, 'RAJAWALI PERS', 'ABRAHAM AMAS', 3),
(286, 'KEDUDUKAN PERUSAHAAN SEBAGAISUBJEK DALAM GUGATAN PERDATA DI PENGADILAN', '', NULL, 'RINEKA CIPTA, PT', 'GATOT S', 2),
(287, 'KEDUDUKAN YAYASAN DI INDONESIA', '', NULL, 'PRENADA MEDIA GRUP JAKARTA', 'ANWAR BORAHIMA', 8),
(288, 'KEKERASAN DALAM RUMAH TANGGA', '9789790073517', NULL, 'SINAR GRAFIKA', 'MOERTI HADIATI SOEROSO, S.H., M.H.', 4),
(289, 'KEKERASAN DALAM RUMAH TANGGA', '9789790073517', NULL, 'SINAR GRAFIKA', 'MOERTI HADIATI SOEROSO, S.H., M.H.', 4),
(290, 'KEKUASAAN MAHKAMAH AGUNG PEMERIKSAAN KASASI DAN PENINJAUAN KEMBALI PERKARA PERDATA', '', NULL, 'SINAR GRAFIKA', 'YAHYA HARAHAP', 3),
(291, 'Kelapa', '', NULL, 'CV Yasaguna', 'Dr.Ir.Soedijanto R.R.M Sianipar Dip .Ext.,M.A.', 5),
(292, 'KEPEMIMPINAN DALAM MANAJEMEN', '', NULL, 'RAJA GRAFINDO PERSADA JAKARTA', 'MIFTAH THOHA', 8),
(293, 'KEPEMIMPINAN DAN PERILAKU ORGANISASI', '', NULL, 'PT. RAJA GRAFINDO PERSADA JAKARTA', 'VEITHZAL RIFAI', 5),
(294, 'KEPEMIMPINAN KEPALAQ DAERAH', '', NULL, 'SINAR GRAFIKA OFFSET', 'J KALOH', 5),
(295, 'KEPEMIMPINAN MENGEFEKTIFKAN ORGANISASI', '', NULL, 'GADJAH MADA UNIVERSITY PRESS ', 'HADARI NAWAWI', 8),
(296, 'KEPEMIMPINAN PEMERINTAHAN INDONESIA', '', NULL, 'PT. REFIKA ADITAMA BANDUNG', 'INU KENCANA', 5),
(297, 'KERANGKA DASAR ILMU ADMINISTRASI', '', NULL, 'PT. RINEKA CIPTA JAKARTA', 'SONDANG P SIAGIAN', 8),
(298, 'Kesehatan Lingkungan', '', NULL, 'UGM', 'Juli Soemirat Slamet', 6),
(299, 'KESELAMATAN DAN KESEHATAN KERJA (K-3)', '6028166022', NULL, 'NUANSA AULIA', 'ANONIM,', 2),
(300, 'KETENAGAKERJAAN UU RI NO. 13 TAHUN 2003 PP RI NO. 15 TAHUN 2007 SERIKAT PEKERJA/BURUH UU RI NO. 21 TAHUN 2000 PPHI', '', NULL, 'LITERA MEDIA CENTER', 'REDAKSI', 4),
(301, 'KEUANGAN NEGARA', '', NULL, 'BPFE JOGYAKARTA', '', 5),
(302, 'KEUANGAN NEGARA', '', NULL, 'FOKUS MEDIA BANDUNG', '', 5),
(303, 'KEUANGAN NEGARA DAN ANALISIS KEBIJAKAN', '', NULL, 'RAJAWALI ', '', 5),
(304, 'KEUNGGULAN BERSAING MELALUI PROSES BISNIS', '', NULL, 'GRASINDO JAKARTA', 'CROWN DIRGANTORO', 5),
(305, 'KEWENANGAN PEMERINTAH DAERAH MENGURUS BIDANG PERTANAHAN', '', NULL, 'LAKSBANG JUSTITIA SURABAYA', 'SURIANSYAH MURHAINI', 5),
(306, 'Kewirausahaan ', '', NULL, 'PT raja grafindo persada', 'Kasmir,S.E.,M.M.', 4),
(307, 'KIAT MENINGKATKAN PRODUKTIVITAS KERJA', '', NULL, 'PT. RINEKA CIPTA JAKARTA', 'SONDANG P SIAGIAN', 5),
(308, 'Kimia Dasar 1', '', NULL, 'ITB', 'Drs.Syukri S. ', 4),
(309, 'Kimia Dasar 2', '', NULL, 'ITB', 'Drs.Syukri S. ', 4),
(310, 'Kimia Dasar 3', '', NULL, 'ITB', 'Drs.Syukri S. ', 4),
(311, 'Kimia Lingkungan ', '', NULL, 'Tarsito', 'Prof. DR.Ir Rizald Max Rompas, M.Agr', 5),
(312, 'Kimia untuk pemula ', '', NULL, 'Erlangga', 'David E.Goldberg Ph.D.', 4),
(313, 'KITAB UNDANG-UNDANG HUKUM ACARA PIDANA KUHAP ED. LENGKAP', '97786029831238', NULL, 'FOKUSINDO MANDIRI', 'TIM REDAKSI', 4),
(314, 'KITAB UNDANG-UNDANG HUKUM KENOTARIATAN', '', NULL, 'RAJAWALI PERS', 'GUNArdi', 4),
(315, 'KITAB UU HUKUM PERDATA', '', NULL, 'PRADNYA PARAMITA', 'SuBEKTI', 4),
(316, 'KOMENTAR KITAB UNDANG-UNDANG HUKUM ACARA PIDANA', '', NULL, 'MANDAR MAJU', 'DRS. HARI SASANGKA, SH.LILY ROSITA, SH.', 4),
(317, 'KOMPILASI HUKUM ISLAM', '', NULL, 'FOKUS MEDIA', 'TIM REDAKSI FOKUSMEDIA,', 4),
(318, 'KOMUNIKASI DITENGAH AGENDA REFORMASI SOSIAL POLITIK', '', NULL, 'PT. ALUMNI BANDUNG', 'LUH KETUT SURYANI', 5),
(319, 'KOMUNIKASI ORGANISASI', '', NULL, 'BUMI AKSARA JAKARTA', 'ARNI MUHAMMAD', 8),
(320, 'KOMUNIKASI PEMBANGUNAN', '', NULL, 'PT. RAJA GRAFINDO PERSADA JAKARTA', 'ZULKARIMEN NASUTION', 5),
(321, 'KONSEP MANAJEMEN SUPPLY CHAIN', '', NULL, 'GRASINDO JAKARTA', 'RICHARDUS EKO INDRAJIT', 5),
(322, 'KONSEP NEGARA DEMOKRASI', '9786028650137', NULL, 'REFIKA ADITAMA, PT', 'MUNIR FUADY, Dr.,SH.,MH.,LL.M.', 4),
(323, 'Koperasi Dalam Teori Dan Praktek', '', NULL, 'Rineka cipta', 'Drs.Sudarsono, S.H., M.Si Dan Edilius, S.E.', 5),
(324, 'Koperasi Dan Perekonomian Indonesia', '', NULL, 'Rineka cipta dan Bina Adiaksara', 'Dra.Ninik Widiyanti Dan Y.W.Sunindhia,S.H.', 5),
(325, 'Koro benguk', '', NULL, 'Aneka ilmu', 'Ir.D.Juanda jayasamudra,M.Si', 4),
(326, 'KUH PERDATA KITAB UNDANG-UNDANG HUKUM PERDATA', '9789791606134', NULL, 'PUSTAKA MAHARDIKA', 'TIM MAHARDIKA', 4),
(327, 'KUHAP & KUHP ED. 1', '', NULL, 'SINAR GRAFIKA', 'REDAKSI', 3),
(328, 'KUHAP DAN KUHP', '9798061799', NULL, 'SINAR GRAFIKA', 'ANONIM,', 3),
(329, 'KUHAP LENGKAP', '9789790070486', NULL, 'SINAR GRAFIKA', 'REDAKSI SINAR GRAFIKA,', 4),
(330, 'KUHP', '', NULL, 'PRADNYA PARAMITA', 'R.SUBAKTI', 4),
(331, 'KUHP & KUHAP', '', NULL, 'RINEKA CIPTA, PT', 'ANDI HAMZAH, Prof. Dr.', 3),
(332, 'KUHP & KUHAP ED.1', '', NULL, 'RAJAWALI PERS', 'SOEnarto soerosubroto', 3),
(333, 'KUHP (KITAB UNDANG-UNDANG HUKUM PIDANA) ED. BARU', '9795260200', NULL, 'BUMI AKSARA, PT', 'MOELJATNO, Prof., S.H', 4),
(334, 'KUHP (KITAB UNDANG-UNDANG HUKUM PIDANA) ED. BARU', '9795260200', NULL, 'BUMI AKSARA, PT', 'MOELJATNO, Prof., S.H', 4),
(335, 'KUHP DAN KUHAP', '9794212881', NULL, 'RAJAGRAFINDO PERSADA', 'R SOENARTO SOERODIBROTO, S.H', 4),
(336, 'KYBERNOLOGI SEBUAH REKONSTRUKSI ILMU  PEMERINTAHAN  ', '', NULL, 'PT. RINEKA CIPTA JAKARTA', 'TALIZIDUHU SDRAHA', 5),
(337, 'KYBERNOLOGY 1', '', NULL, 'RINEKA CIPTA JAKARTA', 'TALIZIDUHU SDRAHA', 5),
(338, 'KYBERNOLOGY 2', '', NULL, 'PT. RINEKA CIPTA JAKARTA', 'TALIZIDUHU SDRAHA', 5),
(339, 'LATIHAN UJIAN HUKUM TATA NEGARA DI INDONESIA', '', NULL, 'SINAR GRAFIKA', 'KANsil', 2),
(340, 'LATIHAN UJIAN PANCASILA UNTUK PERGURUAN TINGGI', '', NULL, 'SINAR GRAFIKA', 'KANsil', 4),
(341, 'LEGAL OPINION ED. REVISI', '9793654236', NULL, 'RAJAWALI PERS', 'ABRAHAM AMAS', 3),
(342, 'LEGAL STANDING KESATUAN MASYARAKAT HUKUM ADAT', '', NULL, 'SALEMBA HUMANIKA', 'HENDRA nurtjahyo.', 2),
(343, 'Lele dumbo', '', NULL, 'Aneka ilmu', 'ir.H.Rahmat rukmana,M,Sc.,M.M.', 4),
(344, 'LIMA UNDANG-UNDANG PENEGAK HUKUM DAN KEADILAN', '', NULL, 'FOKUSINDO MANDIRI', 'REDAKSI', 2),
(345, 'LIMA UNDANG-UNDANG PENEGAK HUKUM DAN KEADILAN ED. 2010', '', NULL, 'FOKUS MEDIA', 'REDAKSI', 2),
(346, 'Lingkungan Hidup Kelestariannya ', '', NULL, 'P.T. Alumni', 'Prof.Dr.H.Imam supardi,dr.,Sp.Mk.', 4),
(347, 'LOGIKA TEORI DAN APLIKASI', '', NULL, 'GAUNG PERSADA JAKARTA', 'KHALIMI', 5),
(348, 'MAHKAMAH KONSTITUSI/DAULAY', '', NULL, 'RINEKA CIPTA, PT', 'IKHsan rosyda', 5),
(349, 'MANAJEMEN ADMINISTRASI PERKANTORAN MODERN', '', NULL, 'ERLANGGA JAKARTA', 'BADRI MUNIR SUKOCO', 8),
(350, 'Manajemen Agribisnis', '', NULL, 'Bumi aksara', 'Muhammad Firdaus S.P.,M.M', 4),
(351, 'MANAJEMEN KEARSIPAN', '', NULL, 'BUMI AKSARA JAKARTA', 'BASIR BARTHOS', 8),
(352, 'MANAJEMEN KINERJA', '', NULL, 'PT. RAJA GRAFINDO PERSADA JAKARTA', 'WIBOWO ', 8),
(353, 'MANAJEMEN KINERJA SEKTOR PUBLIK', '', NULL, 'UPP STIM YKPM JOGYAKARTA', 'MAHMUDI', 5),
(354, 'MANAJEMEN KONFLIK DALAM ORGANISASI', '', NULL, 'ALFABETA BANDUNG', 'WAHYUDI    ', 5),
(355, 'Manajemen Koperasi (teori dan praktek)', '', NULL, 'Graha Ilmu', 'Sonny Sumarsono', 6),
(356, 'MANAJEMEN PELAYANAN UMUM DI INDONESIA', '', NULL, 'PT. BUMI AKSARA JAKARTA', 'MOENIR', 8),
(357, 'Manajemen Pemasaran  edisi 2', '', NULL, 'BPFE-Yogyakarta', 'Drs.Radiosunu', 4),
(358, 'MANAJEMEN PEMERINTAHAN INDONESIA', '', NULL, 'DJAMBATAN JAKARTA', 'DHARMA SETYAWAN SALAM', 5),
(359, 'MANAJEMEN PERILAKU ORGANISASI', '', NULL, 'KENCANA PRENADA MEDIA GRUP JKT', 'J. WINARDI', 5),
(360, 'MANAJEMEN PERSONALIA', '', NULL, 'GADJAH MADA UNIVERSITY PRESS ', 'M MANULLANG, DKK', 5),
(361, 'MANAJEMEN PERSONALIA DAN SUMBERDAYA MANUSIA', '', NULL, 'BPFE JOGYAKARTA', 'T HAN I HANDOKO', 5),
(362, 'MANAJEMEN PERUBAHAN', '', NULL, 'KENCANA PRENADA MEDIA GRUP JKT', 'J. WINARDI', 5),
(363, 'MANAJEMEN PUBLIK', '', NULL, 'CV. MANDAR MAJU BANDUNG', '', 5),
(364, 'MANAJEMEN SDM', '', NULL, 'BUMI AKSARA JAKARTA', '', 5),
(365, 'MANAJEMEN SUMBER DAYA MANUSIA', '', NULL, 'PT. RINEKA CIPTA JAKARTA', 'ABDURRAHMAT ', 8),
(366, 'MANAJEMEN SUMBER DAYA MANUSIA', '', NULL, 'BPFE JOGYAKARTA', 'SUSILO MARTOYO', 8),
(367, 'MANAJEMEN SUMBER DAYA MANUSIA', '', NULL, 'ERLANGGA JAKARTA', 'RANDALL S SCHULER, DKK', 5),
(368, 'MANAJEMEN SUMBER DAYA MANUSIA', '', NULL, 'GADJAH MADA UNIVERSITY PRESS ', 'HADARI NAWAWI', 5),
(369, 'MANAJEMEN SUMBER DAYA MANUSIA', '', NULL, 'BUMI AKSARA JAKARTA', 'MALAYU', 5),
(370, 'MANUSIA DAN KEBUDAYAAN', '', NULL, 'PT. RINEKA CIPTA JAKARTA', 'RAFAEL RAGA MARAN', 5),
(371, 'Mari Berkebun Tomat', '', NULL, 'Cv.sinar cemerlang abadi', 'Suraningsih', 4),
(372, 'Matematika Universitas edisi tiga', '', NULL, 'Erlangga', 'Frank ayers,jr.,Ph.D', 4),
(373, 'MELINDUNGI LINGKUNGAN DENGAN MENERAPKAN ISO 14001', '', NULL, 'GRASINDO JAKARTA', 'PRAMUDYA SUNU', 5),
(374, 'Melinjo Budi Daya Dan Pasca Panen', '', NULL, 'Aneka ilmu', 'H.Rahmat rukmana', 6),
(375, 'MELURUSKAN PERAN BIROKRASI DALAM PILKADA', '', NULL, 'PPI JEMBER', 'ABDUL ROKHMAN,DKK', 8),
(376, 'MEMAHAM I PENELITIAN KUALITATIF', '', NULL, 'ALFABETA BANDUNG', 'SUGIYONO', 5),
(377, 'MEMAHAMI ILMU PEMERINTAHAN', '', NULL, 'PT. RAJA GRAFINDO PERSADA JAKARTA', 'MUHADAM LABOLO', 8),
(378, 'MEMAHAMI PENELITIAN KUALITATIF', '', NULL, 'ALFABETA BANDUNG', 'SUGIYONO', 5),
(379, 'Membangun Masyarakat Memberdayakan Rakyat', '', NULL, 'Refika Aditama', 'Edi Suharto, Ph.D.', 6),
(380, 'MENCARI BENTUK OTONOMI DAERAH', '', NULL, 'RINEKA CIPTA, PT', 'Dr. J. KALOH', 3),
(381, 'Mengenal Berbagai Serangga', '', NULL, 'PT Panca Anugrah Sakti', 'Asyiah', 5),
(382, 'Mengenal Dan Bertanam Anggrek', '', NULL, 'Aneka ilmu', 'Sugeng Sri L estari', 5),
(383, 'MENGUAK RAHASIA-RAHASIA MANAJER', '', NULL, 'GRASINDO JAKARTA', 'SCOTT ADAMS', 5),
(384, 'MENILAI KINERJA PEMERINTAH DAERAH', '', NULL, 'FOKUS MEDIA BANDUNG', 'CHABIB SOLEH, DKK', 5),
(385, 'MENYELESAIKAN SENGKETA MEREK MENURUT HUKUM INDONESIA', '', NULL, 'RINEKA CIPTA, PT', 'GATOT S', 2),
(386, 'MERAJUT DEMOKRASI', '', NULL, 'TIARA WACANA JOGYAKARTA', 'SUHARKO', 5),
(387, 'MEREDESAIN PENGADILAN TINDAK PIDANA KORUPSI', '9789790073661', NULL, 'SINAR GRAFIKA', 'ERMANSJAH DJAJA, Dr., S.H, M.Si.', 2),
(388, 'Metode Kultur Jaringan Tanaman', '', NULL, 'ITB bandung', 'L R Wetter dan F Constabel', 6),
(389, 'METODE PENELITIAN ADMINISTRASI', '', NULL, 'ALFABETA BANDUNG', 'SUGIYONO', 5),
(390, 'METODE PENELITIAN HUKUM', '9789797307752', NULL, 'PUSTAKA SETIA, CV', 'BENI AHMAD SAEBANI, drs', 3),
(391, 'METODE PENELITIAN HUKUM & STATISTIK', '', NULL, 'RINEKA CIPTA, PT', 'J SUPRANTO', 3),
(392, 'METODE PENELITIAN KUALITATIF', '', NULL, 'PT. RAJA GRAFINDO PERSADA JAKARTA', 'NANANG MARTONO', 5),
(393, 'METODE PENELITIAN KUANTITATIF', '', NULL, 'PT. RAJA GRAFINDO PERSADA JAKARTA', 'BAMBANG PRASETYO', 8),
(394, 'METODE PENELITIAN KUANTITATIF', '', NULL, 'ALFABETA BANDUNG', '', 5),
(395, 'METODE PENELITIAN ORGANISASI DENGAN APLIKASI PROGRAM SPSS', '', NULL, 'HUM ANIORA BANDUNG', 'PUSPOWARSITO', 5),
(396, 'METODE PENELITIAN SOSIAL', '', NULL, 'KENCANA PRENADA MEDIA GRUP JKT', 'BAGONG SUYANTO, DKK', 5),
(397, 'Metode Pengambilan Keputusan Kuantitatif', '', NULL, 'Bumi aksara', 'Dr.Muhammad Muslich,M.B.A', 4),
(398, 'METODOLOGI PENELITIAN DAN TEKNIK PENYUSUNAN SKRIPSI', '', NULL, 'PT. RINEKA CIPTA JAKARTA', 'ABDURRAHMAT FATHONI', 5),
(399, 'METODOLOGI PENELITIAN KUALITATIF', '', NULL, 'ALFABETA BANDUNG', 'DJAM''AN SATORI,DKK', 5),
(400, 'METODOLOGI PENELITIAN SOSIAL', '', NULL, 'BUMI AKSARA JAKARTA', 'HUSAINI USMAN', 8),
(401, 'MEWUJUDKAN GOOD GOVERNANCE', '', NULL, 'GADJAH MADA UNIVERSITY PRESS ', 'AGUS DWIYANTO, DKK', 5),
(402, 'MKDU ilmu alamiah dasar ', '', NULL, 'Bumi aksara', 'Drs.abdullah aly - ir.eny rahma', 5),
(403, 'MODEL-MODEL PENGUJIAN KONSTITUSIONAL DI BERBAGAI NEGARA', '9789790072831', NULL, 'SINAR GRAFIKA', 'JIMLY ASSHIDDIQIE, Prof. Dr. S.H.', 4),
(404, 'Morfologi bahasa indonesia(pendekatan proses)', '', NULL, 'Rineka cipta', 'Abdul chaer', 5),
(405, 'ORGANISASI PERANGKAT DAERAH', '', NULL, 'FOKUS MEDIA BANDUNG', '', 5),
(406, 'OTONOMI DAERAH DAN DAERAH OTONOM', '', NULL, 'PT. RAJA GRAFINDO PERSADA JAKARTA', 'HAW WIDJAJA', 8),
(407, 'PAJAK DAN RETRIBUSI DAERAH', '', NULL, 'UII PRESS', '', 5),
(408, 'PAJAK NEGARA DAN DEMOKRASI', '', NULL, 'LAKSBANG JUSTITIA SURABAYA', 'EDI SLAMET IRIANTO', 5),
(409, 'PANCASILA DAN UUD 45 DALAM PARADIGMA REFORMASI ED. REVISI', '9794218073', NULL, 'RAJAWALI PERS', 'SuBANDI AL MARSUDI, H. S.H., MH.', 2),
(410, 'PARADIGMA KEBIJAKAN PELAYANAN PUBLIK', '', NULL, 'IN-TRANS PUBLISING ', 'LUTHFI J KURNIAWAQN,DKK', 5),
(411, 'Pedoman Bawang Merah', '', NULL, 'Yrama widya', 'tim bina karya tani', 4),
(412, 'Pedoman Bertanam Coklat', '', NULL, 'Yrama widya', 'tim bina karya tani', 4),
(413, 'Pedoman Bertanam Mangga', '', NULL, 'Yrama widya', 'tim bina karya tani', 4),
(414, 'Pedoman Bertanam Vanili', '', NULL, 'cv.nuansa aulia', 'tim karya tani mandiri', 4),
(415, 'Pedoman Durian ', '', NULL, 'Yrama widya', 'tim bina karya tani', 4),
(416, 'Pedoman Kelapa Sawit', '', NULL, 'Yrama widya', 'tim bina karya tani', 4),
(417, 'PEDOMAN PELAKSANAAN PENGADAAN BARANG/JASA PEMERINTAH ED. TERBARU 2010', '', NULL, 'FOKUS MEDIA', 'TIM REDAKSI FOKUSMEDIA,', 2),
(418, 'PEDOMAN PENYUSUNAN (APBD)', '', NULL, 'FOKUS MEDIA', '-', 2),
(419, 'Pedoman Umum EYD dan Pedoman Umum Pembentukan Istilah', '', NULL, 'Victory Inti Cipta', '', 6),
(420, 'PELAKSANAAN OTONOMI LUAS DAN ISU FEDERALISME SEBAGAI SUATU ALTERNATIF', '', NULL, 'PT. RAJA GRAFINDO PERSADA JAKARTA', 'ROZALI ABDULLAH', 5),
(421, 'PELAYANAN PUBLIK & CUSTOMERS', '', NULL, 'PT. ALUMNI BANDUNG', '', 5),
(422, 'PEMBAHASAN KUHAP (MENURUT ILMU PENGETAHUAN HUKUM PIDANA DAN YURISPRUDENSI) ED. 2', '9790073151', NULL, 'SINAR GRAFIKA', '.LAMINTANG,S.H', 2),
(423, 'PEMBAHASAN KUHAP MENURUT ILMU PENGETAHUAN HUKUM PIDANA & YURISPRUDENSI', '', NULL, 'SINAR GRAFIKA', 'LAmintang', 2),
(424, 'PEMBAHASAN PERMASALAHAN & PENERAPAN KUHP ED.KEDUA (PEMERIKSAAN SIDANG PENGADILAN,BANDING,& PENINJAUAN KEMBALI)', '', NULL, 'SINAR GRAFIKA', 'YAHYA HARAHAP', 2),
(425, 'PEMBAHASAN PERMASALAHAN & PENERAPAN KUHP ED.KEDUA (PENYIDIKAN & PENUNTUTAN)', '', NULL, 'SINAR GRAFIKA', 'YAHYA HARAHAP', 2),
(426, 'Pembenihan Dan Pembesaran Ikan Mas', '', NULL, 'Aneka ilmu', 'Ir. H.Rahmat Rukmana', 5),
(427, 'Pemberdayaan partisipasi dan penguatan kapasitas masyarakat', '', NULL, 'Humaniora', 'Adi fahrudin,Ph.D.', 5),
(428, 'PEMBERHENTIAN KEPALA DAERAH', '', NULL, 'PT. RAJA GRAFINDO PERSADA JAKARTA', 'DIAN BAKTI SETIAWAN', 5),
(429, 'Pemeliharaan ikan di  kolam air deras ', '', NULL, 'Aneka ilmu', 'M.Ghufran H.kordi K.', 5),
(430, 'PEMERINTAHAN DESA DAN KELURAHAN', '', NULL, 'FOKUS MEDIA BANDUNG', '', 5),
(431, 'PEMIMPIN DAN KEPEMIMPINAN', '', NULL, 'PT. RAJA GRAFINDO PERSADA JAKARTA', 'KARTINI KARTONO', 5),
(432, 'Pemuliaan Tanaman Anggrek', '', NULL, 'CV Asrori', 'Ir.Lita Soetopo, Ph.D.', 5),
(433, 'Pemungut pajak pertambahan nilai', '', NULL, 'Rajawali pers', 'Untung sukardji', 4),
(434, 'Penaggulangan hama dan penyakit ikan', '', NULL, 'Bina adiaksara', 'M.Ghufran H.kordi K.', 5),
(435, 'Pencemaran tanah dan air tanah', '', NULL, 'ITB bandung', 'Suprihanto notodarmojo', 5),
(436, 'Pendidikan keterampilan pertanian', '', NULL, 'Balai pustaka', 'achmad subur sukardi', 4),
(437, 'PENDIDIKAN KEWARGANEGARAAN', '', NULL, 'PARADIGMA JOGYAKARTA', 'KAELAN, DKK', 5),
(438, 'PENDIDIKAN KEWARGANEGARAAN', '', NULL, 'PT. BUMI AKSARA JAKARTA', 'WINARNO', 5),
(439, 'PENDIDIKAN KEWARGANEGARAAN', '', NULL, 'PUSTAKA PELAJAR', '', 5),
(440, 'PENDIDIKAN PANCASILA', '', NULL, 'PARADIGMA JOGYAKARTA', 'KAELAN', 8),
(441, 'PENDIDIKAN PANCASILA', '', NULL, 'ALFABETA BANDUNG', 'KABUL BUDIYONO', 5),
(442, 'PENEGAKAN HUKUM LINGKUNGAN INDONESIA', '9789790072589', NULL, 'SINAR GRAFIKA', 'SUKANDA HUSIN, S.H.,LL.M.', 3),
(443, 'PENEGAKAN HUKUM LINGKUNGAN/ANDI HAMZAH ED. 1', '', NULL, 'SINAR GRAFIKA', 'ANDI HAMZAH, Prof. Dr.', 2),
(444, 'PENELITIAN HUKUM NORMATIF', '9794212598', NULL, 'RAJAWALI PERS', 'SoerJONO SOEKANTO, PROF., S.H., M.A.SRI MAMUDJI, S.H.., M.L.L.', 4),
(445, 'PENELITIAN HUKUM NORMATIF', '9794212598', NULL, 'RAJAWALI PERS', 'SoerJONO SOEKANTO, PROF., S.H., M.A.SRI MAMUDJI, S.H.., M.L.L.', 4),
(446, 'PENGADAAN JASA KONSTRUKSI BERDASARKAN PERPRES NOMOR 54 TAHUN 2010 TTG PENGADAAN BARANG/JASA PEMERINTAH', '9789790980020', NULL, 'RINEKA CIPTA, PT', 'ANONIM', 4),
(447, 'PENGANTAR AKUNTANSI KEUANGAN', '', NULL, 'ERLANGGA JAKARTA', 'HORNGREN', 5),
(448, 'PENGANTAR ANALISIS KEBIJAKAN PUBLIK', '', NULL, 'GADJAH MADA UNIVERSITY PRESS ', 'WILLIAM N DUNN', 5),
(449, 'PENGANTAR ANALISIS KEBIJAKAN PUBLIK', '', NULL, 'UMM PRESS', 'SOLICHIN ABDUL WAHAB', 5),
(450, 'PENGANTAR ANTROPOLOGI 1', '', NULL, 'PT. RINEKA CIPTA JAKARTA', 'KOENTJARA NINGRAT', 5),
(451, 'PENGANTAR ANTROPOLOGI 2', '', NULL, 'PT. RINEKA CIPTA JAKARTA', 'KOENTJARA NINGRAT', 5),
(452, 'Pengantar Budidaya Hutan', '', NULL, 'Bumi aksara', 'Ir.Indriyanto', 6),
(453, 'PENGANTAR HUKUM ADMINISTRASI', '', NULL, 'GAJAH MADA UNIVERSITY PRESS', 'Philipus m.', 3),
(454, 'PENGANTAR HUKUM ADMINISTRASI INDONESIA', '', NULL, 'GADJAH MADA UNIVERSITY PRESS ', 'PHILIPUS M HADJON,DKK', 8),
(455, 'PENGANTAR HUKUM ADMINISTRASI INDONESIA', '9789794203231', NULL, 'GAJAH MADA UNIVERSITY PRESS', 'PhHILIPUS M. HADJONDKK,', 4),
(456, 'PENGANTAR HUKUM DAGANG INTERNASIONAL', '9793304529', NULL, 'REFIKA ADITAMA, PT', 'SOEDJONO DIRDJOSISWORO, Prof. Dr.,SH.,MM', 3),
(457, 'PENGANTAR HUKUM DAGANG INTERNATIONAL ED.', '', NULL, 'REFIKA ADITAMA, PT', 'SOEDJONO dirdjosisworo', 3),
(458, 'PENGANTAR HUKUM INDONESIA ED. REVISI', '9794212571', NULL, 'RAJAGRAFINDO PERSADA', 'R.ABDOEL DJAMALI, S.H.', 5),
(459, 'PENGANTAR HUKUM INDONESIA ED.REV/ABDOEL DJAMALI)', '', NULL, 'RAJAWALI PERS', 'R.Abdoel djamali sh', 4),
(460, 'PENGANTAR HUKUM INTERNASIONAL 1 ED. 10', '', NULL, 'SINAR GRAFIKA', 'STArKE', 4),
(461, 'PENGANTAR HUKUM INTERNASIONAL 2 ED.10', '', NULL, 'SINAR GRAFIKA', 'STArke', 4),
(462, 'PENGANTAR HUKUM UDARA NASIONAL DAN INTERNASIONAL BAGIAN PERTAMA', '', NULL, 'RAJAWALI PERS', 'DR,.H.K.MARTONO', 2),
(463, 'PENGANTAR IL MU POLITIK', '', NULL, 'PT RAJA GRAFINDO PERSADA JAKARTA', 'CARLTON CLYMER RODEE,DKK', 8),
(464, 'Pengantar Ilmu Ekonomi', '', NULL, 'Tarsito', 'Prof.Dr.Winardi,SE.', 6),
(465, 'PENGANTAR ILMU HUKUM', '9794211745', NULL, 'RAJAWALI PERS', 'SOEDJONO DIRDJOSISWORO, Dr.,SH', 4),
(466, 'PENGANTAR ILMU HUKUM', '9794211745', NULL, 'RAJAWALI PERS', 'SOEDJONO DIRDJOSISWORO, Dr.,SH', 4),
(467, 'PENGANTAR ILMU HUKUM', '', NULL, 'RINEKA CIPTA, PT', 'SUDARSONO', 4),
(468, 'PENGANTAR ILMU HUKUM /KENCANA PRENADA MEDIA', '9789791486538', NULL, 'KENCANA PRENADA MEDIA GROUP', 'PETER MAHMUD MARZUKI, Prof.Dr.,SH.MS.LL.M', 4),
(469, 'PENGANTAR ILMU HUKUM /KENCANA PRENADA MEDIA', '9789791486538', NULL, 'KENCANA PRENADA MEDIA GROUP', 'PETER MAHMUD MARZUKI, Prof.Dr.,SH.MS.LL.M', 4),
(470, 'PENGANTAR ILMU HUKUM PAJAK', '', NULL, 'REFIKA ADITAMA, PT', 'SANTOSO brontodiharjo', 5),
(471, 'PENGANTAR ILMU HUKUM/SOEDJONO', '', NULL, 'RAJAWALI PERS', 'SOEDJONO dirdjosisworo', 4),
(472, 'PENGANTAR ILMU HUKUM/SUROSO', '', NULL, 'SINAR GRAFIKA', 'SUROso', 4),
(473, 'PENGANTAR ILMU PEMERINTAHAN', '', NULL, 'PT. REFIKA ADITAMA BANDUNG', 'INU KENCANA', 5),
(474, 'PENGANTAR ILMU POLITIK', '', NULL, 'PT. REFIKA ADITAMA BANDUNG', 'MAY RUDY', 5);
INSERT INTO book (id, title, isbn, publisher_id, publisher_text, authors_text, catalogue_count) VALUES
(475, 'PENGANTAR ILMU POLITIK', '', NULL, 'PUSTAKA REKA CIPTA', '', 5),
(476, 'Pengantar Kimia Organik dan Hayati', '', NULL, 'ITB', 'Antoniy c.wilbram & michael S.Matta', 4),
(477, 'PENGANTAR MANAJEMEN', '', NULL, 'GRAHA ILMU JOGYAKARTA', '', 5),
(478, 'Pengantar Manajemen ', '', NULL, 'Bumi aksara', 'Dr.H.B.Siswanto,M.Si.', 6),
(479, 'PENGANTAR METODE PENELITIAN HUKUM', '', NULL, 'RAJAWALI PERS', 'AmIrUDDIN', 4),
(480, 'PENGANTAR PENELITIAN HUKUM', '', NULL, 'UII PRESS', 'SoerJONO', 4),
(481, 'PENGANTAR SOSIOLOGI', '', NULL, 'FHUI', '', 5),
(482, 'PENGANTAR TATA HUKUM INDONESIA', '', NULL, 'RINEKA CIPTA, PT', 'DRS.SUDARSONO', 4),
(483, 'PENGELOLAAN BARANG MILIK NEGARA/DAERAH', '', NULL, 'FOKUS MEDIA', 'TIM REDAKSI FOKUSMEDIA,,', 2),
(484, 'PENGELOLAAN PERPUSTAKAAN SEKOLAH', '', NULL, 'SINAR GRAFIKA OFFSET', 'IBRAHIM BAFADAL', 8),
(485, 'PENGEMBANGAN DAN PENILAIAN HASIL KERJA', '', NULL, 'CV. MANDAR MAJU BANDUNG', 'MOEKIJAT', 8),
(486, 'PENGEMBANGAN KINERJA PELAYANAN PUBLIK', '', NULL, 'PT. REFIKA ADITAMA BANDUNG', 'SURJADI', 5),
(487, 'Pengenalan Komputer ', '', NULL, 'Penerbit Andi', 'Prof.Dr.Jogiyanto H.M, M.B.A.,Akt', 6),
(488, 'Pengenalan teknologi informasi', '', NULL, 'Penerbit Andi', 'Abdul kadir dan terra ch.triwahyuni', 5),
(489, 'Pengolahan Sumberdaya dan lingkungan ', '', NULL, 'Unniversitas gadha mada', 'Bruch mitchell,B.Setiawan', 4),
(490, 'PENGUKUKURAN SEKTOR PUBLIK', '', NULL, 'BPFE JOGYAKARTA', 'MOHAMAD MAHSUN', 5),
(491, 'Penuntun Perkuliahan Bahasa Indonesia', '', NULL, 'Afaberta', 'Daeng Nurjamal, M.Pd. dan Warta Sumirat,M.Pd.', 5),
(492, 'Penyakit-penyakit tanaman pangan di indo', '', NULL, 'Gadjah mada university', 'Prof.Dr.ir.haryono semangun', 4),
(493, 'PENYELENGGARAAN OTONOMI DI INDONESIA', '', NULL, 'PT. RAJA GRAFINDO PERSADA JAKARTA', 'HAW WIDJAJA', 8),
(494, 'PERADILAN ADMINISTRASI NEGARA DAN UPAYA ADMINISTRATIF DI INDONESIA', '', NULL, 'FH UII PRESS JOGYAKARTA', 'MARBUN', 5),
(495, 'PERAN NILAI DAN MORAL DALAM PEREKONOMIAN ISLAM', '', NULL, 'ROBBANI PRESS JAKARTA', 'YUSUF QARDHAWI', 5),
(496, 'PERANAN KOMUNIKASI MASSA DALAM PEMBANGUNAN', '', NULL, 'GADJAH MADA UNIVERSITY PRESS ', 'EDWARD DEPARI', 5),
(497, 'PERATURAN PEMERINTAH RI NO 6 TH 2006', '', NULL, 'ARKOLA SURABAYA', '', 5),
(498, 'PERATURAN PEMERINTAH: PREKURSOR (PP RI NOMOR 44 TAHUN 2010)', '9789792447828', NULL, 'ASA MANDIRI', 'F. AGSYA GUZA', 2),
(499, 'PERATURAN PERUNDANG-UNDANGAN: RENCANA TATA RUANG WILAYAH NASIONAL', '9786028189170', NULL, 'FOKUS MEDIA', 'ANONIM,,', 2),
(500, 'PERATURAN PERUNDANG-UNDANGAN: UNDANG-UNDANG NO.2 TAHUN 2004 TENTANG PPHI (PENYELESAIAN PERSELISIHAN HUBUNGAN INDUSTRIAL)', '', NULL, 'FOKUS MEDIA', 'TIM REDAKSI FOKUSMEDIA,,', 2),
(501, 'PERBANDINGAN HIR DENGAN RBG', '9795382659', NULL, 'MANDAR MAJU', 'DRS. HARI SASANGKA, SH.AHMAD RIFAI, S.H.', 3),
(502, 'PERBANDINGAN HUKUM ADMINISTRASI NEGARA', '9789795189947', NULL, 'RINEKA CIPTA, PT', 'C.S.T. KANSIL, Prof.,Drs.,S.H.CHRISTINE S.T. KANSIL, S.H.,M.H.', 3),
(503, 'PERBANDINGAN HUKUM PIDANA BEBERAPA NEGARA ED. 3', '978979090070660', NULL, 'SINAR GRAFIKA', 'ANDI HAMZAH, Prof. Dr.', 3),
(504, 'PERCONTOHAN OTONOMI DAERAH INDONESIA', '', NULL, 'RINEKA CIPTA, PT', 'Prof DRS HAW', 4),
(505, 'PERDEBATAN HUKUM TATA NEGARA PASCA  AMANDEMEN KONSTITUSI', '', NULL, 'PT. RAJA GRAFINDO PERSADA JAKARTA', 'MAHFUD MD', 5),
(506, 'Perencanaan Bahasa Pada era Globalisasi', '', NULL, 'PT Bumi Aksara', 'Masnur Muslich ', 4),
(507, 'Perencanaan pembangunan ', '', NULL, 'Rineka cipta', 'W.Arthur lewis', 4),
(508, 'Perencanaan Pembangunan wilayah ', '', NULL, 'PT Bumi Aksara', 'Prof.Drs.Robin Taringan,M,R,P.', 4),
(509, 'Perencanaan wilayah di indonesia', '', NULL, 'ITB', 'Siti sutriah Nurzaman', 4),
(510, 'PERILAKU ORGANISASI', '', NULL, 'ALFABETA BANDUNG', 'YAYAT HAYATI DJATMIKO', 8),
(511, 'PERILAKU ORGANISASI', '', NULL, 'PT. REMAJA ROSDAKARYA', 'HENDYAT SUTOPO', 5),
(512, 'PERILAKU ORGANISASI', '', NULL, 'ALFABETA BANDUNG', '', 5),
(513, 'PERILAKU ORGANISASI DAN PSIKOLOGI', '', NULL, 'PT. RINEKA CIPTA JAKARTA', '', 5),
(514, 'PERKEMBANGAN HUKUM KONTRAK INNOMINAAT DI INDONESIA', '9793421460', NULL, 'SINAR GRAFIKA', 'SALIM H.S., S.H., M.S.', 2),
(515, 'PERKEMBANGAN HUKUM KONTRAK INNOMINAAT DI INDONESIA', '9793421460', NULL, 'SINAR GRAFIKA', 'SALIM H.S., S.H., M.S.', 2),
(516, 'Perkoperasian sejarah,teori& praktek', '', NULL, 'Ghalia indonesia', 'Muhammad Firdaus S.P.,M.M', 4),
(517, 'PERLINDUNGAN HAKI (HAK MILIK INTELEKTUAL) DI NEGARA-2 ASEAN [HVS]', '', NULL, 'SINAR GRAFIKA', 'TARYANA SOENANDA', 2),
(518, 'PERPAJAKAN PUSAT DAN DAERAH', '', NULL, 'HUM ANIORA BANDUNG', 'OYOK ABUYAMIN', 5),
(519, 'PERSPEKTIF HUKUM PEMBERHENTIAN KEPALA DESA', '', NULL, 'LAKSBANG JUSTITIA SURABAYA', 'HUFRON, SH,MH', 5),
(520, 'PETUNJUK DAN PELAKSANAAN DANA PERIMBANGAN PENGELOLAAN KEUANGAN DAERAH', '', NULL, 'FOKUS MEDIA BANDUNG', '', 5),
(521, 'Petunjuk Praktis Menanam Alpokat', '', NULL, 'Jembar Publishing', 'Neni Suhaeni', 5),
(522, 'Petunjuk praktis menanam bawang merah', '', NULL, 'Jembar', 'Neni suhaeni', 4),
(523, 'Petunjuk Praktis Menanam Rambutan', '', NULL, 'Jembar Publishing', 'Neni Suhaeni', 5),
(524, 'POKOK-POKOK ADMINISTRASI PUBLIK DAN IM PLEMENTASINYA', '', NULL, 'PT. REFIKA ADITAMA BANDUNG', 'AMIN IBRAHIM', 5),
(525, 'POKOK-POKOK HUKUM ACARA PERDATA', '9789795188902', NULL, 'RINEKA CIPTA, PT', 'MOH. TAUFIK MAKARNO, PROF. S.H., M.H.', 4),
(526, 'POKOK-POKOK HUKUM PENITENSIER INDONESIA', '9786028361736', NULL, 'ALFABETA', 'TOLIB SETIADY, S.H., M.M., M.Pd', 2),
(527, 'POKOK-POKOK HUKUM PERKOPERASIAN', '', NULL, '-', 'ANONIM', 2),
(528, 'POKOK-POKOK HUKUM PIDANA', '9789794085233', NULL, 'PRADNYA PARAMITA', 'PROF.Dr.C.S.T.KANSIL', 4),
(529, 'POKOK-POKOK PENGETAHUAN HUKUM DAGANG INDONESIA/KANSIL', '', NULL, 'SINAR GRAFIKA', 'KANsil', 5),
(530, 'Pokok-pokok PPN pajak pertambahan Nilai indo', '', NULL, 'PT raja grafindo persada', 'Untung sukardji', 4),
(531, 'POKOK-POKOK SOSIOLOGI HUKUM', '9794211311', NULL, 'RAJAWALI PERS', 'SOERJONO SOEKANTO, PROF.DR,SH.,M.A', 5),
(532, 'POKOK-POKOK SOSIOLOGI HUKUM ED. 8', '', NULL, 'RAJAWALI PERS', 'SURYONO', 4),
(533, 'POKOK-POKOK TEORI SISTEM', '', NULL, 'PT. RAJA GRAFINDO PERSADA JAKARTA', 'TATANG M AMIRIN', 8),
(534, 'POLITIK EKONOMI BARU MENUJU DEMOKRASI  EKONOMI   ', '', NULL, 'GRASINDO JAKARTA', 'DIDIK J RACHBINI', 5),
(535, 'POLITIK HUKUM DI INDONESIA ED.PERTAMA', '', NULL, 'BPFE', 'SOEhino, sh', 5),
(536, 'POLITIK HUKUM PIDANA', '', NULL, 'BAYUMEDIA PUBLISHING', 'ARIEF AMRULLAH', 5),
(537, 'POLITIK LUAR NEGERI INDONESIA', '', NULL, 'HUM ANIORA BANDUNG', 'TEUKU REZASYAH', 5),
(538, 'PP NO.6/2005 TENTANG: PILKADA', '', NULL, 'RINEKA CIPTA, PT', '-', 4),
(539, 'PRAKTIK HUKUM ACARA PERDATA: TATA CARA DAN PROSES PERSIDANGAN ED. 2', '9789790072725', NULL, 'SINAR GRAFIKA', 'R. SOEROSO, S.H', 3),
(540, 'PRAKTIK PERADILAN PERDATA (TEKNIS MENANGANI PERKARA PENGADILAN)', '9789790073593', NULL, 'SINAR GRAFIKA', 'SOPHAR MARU GUTAGALUNG', 4),
(541, 'PRINSIP-PRINSIP AKUNTANSI', '', NULL, 'ERLANGGA JAKARTA', 'NISWONGER', 5),
(542, 'PRINSIP-PRINSIP PERUMUSAN KEBIJAKSANAAN NEG', '', NULL, 'BUMI AKSARA JAKARTA', 'M. IRFAN ISLAMY', 5),
(543, 'PRINSIP-PRINSIP SISTEM INFORMASI MANAJEMEN', '', NULL, 'PT. RAJA GRAFINDO PERSADA JAKARTA', 'GEORGE M SCDOTT', 5),
(544, 'Prosedur Untuk Bahan Makanan Dan Pertanian ', '', NULL, 'Liberty', 'Slamet Sudarmaji,Bambang haryono', 5),
(545, 'PROSES PENANGANAN PERKARA PIDANA (PENYELIDIKAN & PENYIDIKAN) 1 ED. 2', '9790070675', NULL, 'SINAR GRAFIKA', 'LEDEN MARPAUNG, S.H', 4),
(546, 'PROSPEK OTONOMI DAERAH', '', NULL, 'PT. RAJA GRAFINDO PERSADA JAKARTA', 'JOSEF RIWU KAHO', 5),
(547, 'PROTAP PENANGGULANGAN ANARKI (PROTAP/I/X/2010)', '9789792447811', NULL, 'ASA MANDIRI', 'F. AGSYA GUZA', 2),
(548, 'PROTECTION & INDEMNITY (P & I) INSURANCE (HUKUM ASURANSI MARITIM)', '9786028555128', NULL, 'SALEMBA HUMANIKA', 'F.X. SUGIYANTO,', 4),
(549, 'PUBLIC POLICY', '', NULL, 'AIRLANGGA UNIVERSITY PRESS SBY', 'SOENARKO', 5),
(550, 'PUBLIC POLICY PENGANTAR TEORI DAN PRAKTEK ANALISIS KEBIJAKAN', '', NULL, 'KENCANA PRENADA MEDIA GRUP JKT', 'WAYNE PARSON', 5),
(551, 'Pupuk dan Cara Pemupukan ', '', NULL, 'Rineka cipta', 'Ir.Mul Mulyani sutedjo', 4),
(552, 'Rancangan Dan Percobaan Teori Dan Aplikasi', '', NULL, 'Rajawali pers', 'Dr.Ir.Kemas Ali Hanafiah,M.S.', 6),
(553, 'REFLEKSI SOSIOLOGI HUKUM', '', NULL, 'REFIKA ADITAMA, PT', 'SAIFULLAH', 4),
(554, 'REFLEKSI SOSIOLOGI HUKUM', '', NULL, 'REFIKA ADITAMA, PT', 'SAIFULLAH', 4),
(555, 'REFLEKSI TEORI HUBUNGAN INTERNASIONAL', '', NULL, 'GRAHA ILMU JOGYAKARTA', 'HARIYADI WIRAWAN,DKK', 5),
(556, 'REFORMASI BIROKRASI PUBLIK DI INDONESIA', '', NULL, 'GADJAH MADA UNIVERSITY PRESS ', 'AGUS DWIYANTO, DKK', 5),
(557, 'REFORMASI PELAYANAN PUBLIK DI INDONESIA', '', NULL, 'BUMI AKSARA JAKARTA', 'LIJAN POLTAK SINAMBELA', 5),
(558, 'Revisi Akutansi Suatu pengantar', '', NULL, 'salemba empat', 'Soemarso S.R.', 4),
(559, 'REVITALISASI ADMINISTRASI PEMBANGUNAN', '', NULL, 'ALFABETA BANDUNG', 'ADAM IBRAHIM INDRAWIJAYA,DKK', 5),
(560, 'RPJMN 2004-2009/SG', '', NULL, 'SINAR GRAFIKA', '-', 2),
(561, 'Runtuhnya Teori Pembangunan dan globalisasi', '', NULL, 'Pustaka pelajar', 'DR.Mansour fakih', 4),
(562, 'SANKSI PERDATA DAN ADMINISTRATIF TERHADAP NOTARIS', '', NULL, 'REFIKA ADITAMA, PT', 'HABIB ADJIE', 3),
(563, 'Selasih  (potensi Dan prospeknya)', '', NULL, 'Aneka ilmu', 'Ir.H.Rahmat rukmana', 5),
(564, 'Seri Budi Daya Bawang Daun', '', NULL, 'Kanisius', 'Bambang Cahyono', 5),
(565, 'Seri Budi Daya Salak Bali', '', NULL, 'Kanisius', 'Suprio Guntoro', 6),
(566, 'Seri tanaman rempah KENCUR', '', NULL, 'CV.Hasba jaya', 'Hj.lenita Hamidi, Dra.', 5),
(567, 'Seri tanaman rempah KUNYIT', '', NULL, 'CV.Hasba jaya', 'Hj.lenita Hamidi, Dra.', 5),
(568, 'Seri tanaman rempah LEMPUYANG ', '', NULL, 'CV.Hasba jaya', 'Hj.lenita Hamidi, Dra.', 5),
(569, 'Seri tanaman rempah LENGKUAS ', '', NULL, 'CV.Hasba jaya', 'Hj.lenita Hamidi, Dra.', 5),
(570, 'SISTEM ADMINISTRASI KEPEGAWAIAN', '', NULL, 'FOKUS MEDIA BANDUNG', 'HARSONO', 8),
(571, 'SISTEM ADMINISTRASI NEGARA  ', '', NULL, 'BUMI AKSARA JAKARTA', '', 5),
(572, 'SISTEM ADMINISTRASI NEGARA RI', '', NULL, 'BUMI AKSARA JAKARTA', 'INU KENCANA', 5),
(573, 'SISTEM ADMINISTRASI NEGARA RI', '', NULL, 'PT. TOKO GUNUNG AGUNG', 'LAN-RI', 5),
(574, 'SISTEM EKONOMI INDONESIA', '', NULL, 'ALFABETA BANDUNG', '', 5),
(575, 'SISTEM HUKUM INDONESIA', '', NULL, 'RAJAWALI ', '', 5),
(576, 'SISTEM INFORMASI MANAJEMEN', '', NULL, 'UPP STIM YKPM JOGYAKARTA', 'MUHAMMAD FAHRI, DKK', 5),
(577, 'SISTEM INFORMASI MANAJEMEN', '', NULL, 'GADJAH MADA UNIVERSITY PRESS ', 'WAHYUDI KUMOROTOMO', 5),
(578, 'SISTEM INFORMASI MANAJEMEN', '', NULL, 'BUMI AKSARA JAKARTA', 'SONDANG P SIAGIAN', 5),
(579, 'Sistem Manjemen Haccp (hazard analysis critical control points)', '', NULL, 'Bumi aksara', 'Dr.Ir.Hermawan Thaheer', 6),
(580, 'SISTEM POLITIK INDONESIA', '', NULL, 'KENCANA PRENADA MEDIA GRUP JKT', 'KACUNG MARIJAN', 5),
(581, 'SISTEM POLITIK INDONESIA', '', NULL, 'PT. RAJA GRAFINDO PERSADA JAKARTA', 'ARBI SANIT', 5),
(582, 'SISTEM POLITIK INDONESIA', '', NULL, 'SIC', '', 5),
(583, 'SISTEM POLITIK INDONESIA', '', NULL, 'RAJAWALI ', '', 5),
(584, 'SISTEM SANKSI DALAM HUKUM PIDANA', '979421972X', NULL, 'RAJAWALI PERS', 'M. SHOLEHUDDIN, DR. S.H., M.H.', 4),
(585, 'SISTEM SOSIAL INDONESIA', '', NULL, 'PT. RAJA GRAFINDO PERSADA JAKARTA', 'NASIKUN', 8),
(586, 'SKALA PENGUKURAN VARIABEL-VARIABEL PENELITIAN', '', NULL, 'ALFABETA BANDUNG', 'RIDUWAN', 5),
(587, 'SOSIOLOGI DAN METODE PENELITIAN HUKUM', '9789797961237', NULL, 'UMM PRESS', 'MUSLAN ABDURRAHMAN, Prof. Dr. SH, MH', 4),
(588, 'SOSIOLOGI HUKUM', '', NULL, 'SINAR GRAFIKA', 'PROF.DR.H.ZAINUDDIN ALI', 2),
(589, 'SOSIOLOGI POLITIK', '', NULL, 'PT. RAJA GRAFINDO PERSADA JAKARTA', 'MAURICE DUVERGER', 5),
(590, 'STANDAR AKUNTANSI PEMERINTAH ED. TERBARU 2011', '9786028733311', NULL, 'FOKUS MEDIA', 'TIM REDAKSI FOKUSMEDIA,', 2),
(591, 'STANDAR PEMERIKSAAN KEUANGAN NEGARA', '', NULL, 'FOKUS MEDIA', 'TIM REDAKSI FOKUSMEDIA,', 2),
(592, 'STATISTIK NON PARAMETRIK', '', NULL, 'BPFE JOGYAKARTA', 'DJARWANTO PS', 5),
(593, 'STATISTIK NON PARAMETRIK', '', NULL, 'ALFABETA BANDUNG', 'SUGIYONO', 5),
(594, 'Statistika Sosial Ekonomi', '', NULL, 'BPFE-Yogyakarta', 'Drs.Djarwanto Ps', 4),
(595, 'STATISTIKA UNTUK PENELITIAN', '', NULL, 'ALFABETA BANDUNG', 'SUGIYONO', 5),
(596, 'Strategi Pemberdayaan Masyarakat', '', NULL, 'Humaniora', 'Harry Hikmat', 6),
(597, 'Struktur & Komponen Tubuh Manusia', '', NULL, 'salemba empat', 'Drs.DH.Syaifuddin,B.Ac', 4),
(598, 'STUDI KASUS', '', NULL, 'RAJAWALI PERS', 'ROBERT k.yin', 5),
(599, 'STUDI TENTANG ILMU ADMINISTRASI', '', NULL, 'SINAR BARU ALGENSINDO', 'ULBERT SILALAHI', 8),
(600, 'Sukses Budi Daya Jangkrik', '', NULL, 'Arkola', 'Dra. Lala Kumala', 6),
(601, 'Surplus Beras ', '', NULL, 'Kreasi Wacana', 'Sapuan Gafar', 4),
(602, 'Suweg ,Bahan pangan alternatif', '', NULL, 'Kanisius', 'Setijo pinoto', 4),
(603, 'Taksonomi umum', '', NULL, 'Gadjah mada university', 'Gembong tjitrosoepomo', 4),
(604, 'Tata bentuk bahasa indonesia', '', NULL, 'Bumi aksara', 'Masnur Muslich ', 5),
(605, 'TATA KERJA DAN PRODUKTIVITAS KERJA', '', NULL, 'CV. MANDAR MAJU BANDUNG', 'SEDARMAYANTI', 8),
(606, 'Tata Niaga Hasil Perikanan', '', NULL, 'UIP', 'Ir.A.M.Hanafiah dan Dr.Ir.A.M.Saefuddin', 5),
(607, 'Teknik Budi Daya Dan Analisis Usaha Tani', '', NULL, 'Aneka ilmu', 'ir.bambang cahyono', 5),
(608, 'Teknik Penarikan sampel', '', NULL, 'Universitas Indonesia', 'William G.cochran', 4),
(609, 'Teknik Sampling untuk survey dan eksperimen', '', NULL, 'Rineka cipta', 'Prof.J.Supranto,M.A.,APU', 6),
(610, 'Teknologi Pengawetan Pangan', '', NULL, 'Universitas Indonesia', 'Norman w.desrosier,Ph.D', 4),
(611, 'Teknologi Pengolahan Dan Pengawetan Pangan', '', NULL, 'Alfabeta', 'Prof.Dr.H.M.Supli Effendi,Ir.,M.S.', 6),
(612, 'Teknologi Proses Pengolahan Pangan', '', NULL, 'Alfabeta', 'Prof.Dr.Ir.Tien R.Muchtadi, M.S. Dan Fitriyono Ayustaningwarno S.Tp.,M.Si.', 6),
(613, 'TEORI ADMINISTRASI PUBLIK', '', NULL, 'ALFABETA BANDUNG', '', 5),
(614, 'TEORI DAN KONSEP PELAYANAN PUBLIK SERTA IMPLEMENTASINYA', '', NULL, 'CV. MANDAR MAJU BANDUNG', 'AMIN IBRAHIM', 5),
(615, 'TEORI DAN PRAKTEK ADMINISTRASI KESEKRETARIATAN', '', NULL, 'PERSADA MEDIA GRUP JAKARTA', 'SUDIANINGSIH', 5),
(616, 'TEORI DAN PRAKTEK KEPEMIMPINAN', '', NULL, 'PT. RINEKA CIPTA JAKARTA', 'SONDANG P SIAGIAN', 5),
(617, 'TEORI KESEIMBANGAN', '', NULL, 'PT. RINEKA CIPTA JAKARTA', 'INU KENCANA', 5),
(618, 'TEORI NEGARA HUKUM MODERN (RECHTSTAAT)', '9791073694', NULL, 'REFIKA ADITAMA, PT', 'MUNIR FUADY, Dr.,SH.,MH.,LL.M', 2),
(619, 'TEORI PENGEMBANGAN ORGANISASI', '', NULL, 'BUMI AKSARA JAKARTA', '', 5),
(620, 'TEORI POLITIK MODERN', '', NULL, 'PT. RAJA GRAFINDO PERSADA JAKARTA', 'SP VARMA', 5),
(621, 'TEORI-TEORI SOSIOLOGI  ', '', NULL, 'WIDYA PADJADJARAN BANDUNG', 'NASRULLAH NAZSIR', 5),
(622, 'TEORI-TEORI SOSIOLOGI MODERNITAS POSMODERNITAS', '', NULL, 'PUSTAKA PELAJAR', 'BRYAN TURNER', 8),
(623, 'Terampil mengolah Data Kualitatif degan NVIVO', '', NULL, 'Kencana', 'Ariesto Hadi Sutopo& Adrianus arief', 4),
(624, 'TERMINOLOGI HUKUM INGGRIS-INDONESIA', '9798767268', NULL, 'SINAR GRAFIKA', 'RAnuhandoko', 2),
(625, 'TERMINOLOGI HUKUM PIDANA', '9790070683', NULL, 'SINAR GRAFIKA', 'ANDI HAMZAH, Prof., Dr. jur', 3),
(626, 'TERMINOLOGI HUKUM PIDANA', '9790070683', NULL, 'SINAR GRAFIKA', 'ANDI HAMZAH, Prof., Dr. jur', 3),
(627, 'TERTIB POLITIK PADA MASYARAKAT YANG SEDANGBERUBAH', '', NULL, 'PT. RAJA GRAFINDO PERSADA JAKARTA', 'SAMUEL P HULINGTON', 8),
(628, 'TINDAK PIDANA PEMILU', '', NULL, 'SINAR GRAFIKA', 'TOpo santoso', 3),
(629, 'TINDAK PIDANA TERHADAP KEHORMATAN', '9790073291', NULL, 'SINAR GRAFIKA', 'LeDEN MARPAUNG', 3),
(630, 'TIPOLOGI TINDAK PIDANA KORUPSI DI INDONESIA', '9789795383543', NULL, 'MANDAR MAJU', 'Dr. ERMANSJAH DJAJA, SH., SH., M. SI.', 3),
(631, 'TOO  MUCH TOO SOON', '', NULL, 'PT. RAJA GRAFINDO PERSADA JAKARTA', 'SYARIF HIDAYAT', 5),
(632, 'Transmigrasi pembaruan dan integrasi nasional', '', NULL, 'PT Pustaka Sinar Harapan', 'Ir.Rukmana Sardjadidjaja,MMA', 6),
(633, 'Trubus kulit manggis ', '', NULL, 'Penebar Swadaya', 'Bamabang Isnawan', 4),
(634, 'UNDANG-UNDANG ADVOKAT 2003', '9793421436', NULL, 'SINAR GRAFIKA', 'ANONIM,', 2),
(635, 'UNDANG-UNDANG AGRARIA', '', NULL, 'SINAR GRAFIKA', 'ANONIM,', 5),
(636, 'UNDANG-UNDANG BADAN PEMERIKSAAN KEUANGAN (UU RI NO.15.2006)', '', NULL, 'SINAR GRAFIKA', '-', 3),
(637, 'UNDANG-UNDANG DASAR REPUBLIK INDONESIA UUD''45 YANG SUDAH DIAMANDEMEN [CD]', '', NULL, 'NIDYA PUSTAKA', 'ANONIM', 2),
(638, 'UNDANG-UNDANG DASAR RI 1945 & GBHN [CD]', '', NULL, 'MULTI MEDIA PLUS', 'TIM REDAKSI', 2),
(639, 'UNDANG-UNDANG HAKI (HAK ATAS KEKAYAAN INTELEKTUAL)', '9793421320', NULL, 'SINAR GRAFIKA', 'ANONIM,', 4),
(640, 'UNDANG-UNDANG INFORMASI DAN TRANSAKSI ELEKTRONIK', '9792906172', NULL, 'ANDI OFFSET', 'MASSUDILAWE,', 2),
(641, 'UNDANG-UNDANG JALAN (UU RI NO.38 TH 2004)', '', NULL, 'SINAR GRAFIKA', '-', 2),
(642, 'UNDANG-UNDANG KEHUTANAN DAN PERUBAHANNYA ED. 2010', '', NULL, 'FOKUSINDO MANDIRI', 'REDAKSI', 2),
(643, 'UNDANG-UNDANG KEKUASAAN KEHAKIMAN (UU RI NO. 48 TH. 2009)', '9789790073395', NULL, 'SINAR GRAFIKA', 'REDAKSI SINAR GRAFIKA,', 5),
(644, 'UNDANG-UNDANG KEKUASAAN KEHAKIMAN (UU RI NO. 48 TH. 2009)', '9789790073395', NULL, 'SINAR GRAFIKA', 'REDAKSI SINAR GRAFIKA,', 3),
(645, 'UNDANG-UNDANG KEPARIWISATAAN 2009 UU RI NO.10/2009', '', NULL, 'SINAR GRAFIKA', 'REDAKSI', 3),
(646, 'UNDANG-UNDANG KEPARIWISATAAN ED. 2010', '', NULL, 'FOKUSINDO MANDIRI', 'REDAKSI', 2),
(647, 'UNDANG-UNDANG KEPEGAWAIAN LENGKAP (UU NO.43 THN.1999)', '', NULL, 'SINAR GRAFIKA', '-', 3),
(648, 'UNDANG-UNDANG KUP (KETENTUAN UMUM DAN TATA CARA PERPAJAKAN) EDISI LENGKAP 2009', '', NULL, 'CITRA MEDIA WACANA', 'REDAKSI', 4),
(649, 'UNDANG-UNDANG NARKOTIKA (UU NO. 22 TH. 1997) & PSIKOTROPIKA (UU NO. 5 TH. 1997)', '9793421789', NULL, 'SINAR GRAFIKA', 'ANONIM,', 2),
(650, 'UNDANG-UNDANG NO 12 TAHUN 2011', '', NULL, 'CITRA UMBARA BANDUNG', '', 5),
(651, 'UNDANG-UNDANG OTONOMI DAERAH', '', NULL, 'FOKUS MEDIA BANDUNG', '', 5),
(652, 'UNDANG-UNDANG OTONOMI DAERAH 2009 ED. LENGKAP', '9786028189194', NULL, 'FOKUS MEDIA', 'TIM REDAKSI FOKUSMEDIA,', 2),
(653, 'UNDANG-UNDANG PEMBENTUKAN PERATURAN PERUNDANG-UNDANGAN 2004', '9793421967', NULL, 'SINAR GRAFIKA', 'ANONIM,', 2),
(654, 'UNDANG-UNDANG PEMBENTUKAN PERATURAN PERUNDANG-UNDANGAN 2004 (UU RI NO.10 TH.2004) ED. 1', '', NULL, 'SINAR GRAFIKA', 'REDAKSI', 2),
(655, 'UNDANG-UNDANG PENATAAN RUANG (UU RI NO. 26 TH. 2007)', '9790072325', NULL, 'SINAR GRAFIKA', 'ANONIM,', 2),
(656, 'UNDANG-UNDANG PENATAAN RUANG (UU RI NO. 26 TH. 2007)TAMBAHAN 2008', '', NULL, 'SINAR GRAFIKA', 'ANONIM,', 2),
(657, 'UNDANG-UNDANG PENATAAN RUANG ED. LENGKAP', '', NULL, 'FOKUS MEDIA', 'ANONIM,', 2),
(658, 'UNDANG-UNDANG PENERBANGAN 2009 (UU RI NO. 1 TH. 2009)', '9789790073555', NULL, 'SINAR GRAFIKA', 'REDAKSI', 2),
(659, 'UNDANG-UNDANG PENGADILAN TINDAK PIDANA KORUPSI UU RI NO.46/2009', '', NULL, 'SINAR GRAFIKA', 'REDAKSI', 2),
(660, 'UNDANG-UNDANG PENYELENGGARAAN PEMILU (UU RI NO.22 2007)', '', NULL, 'SINAR GRAFIKA', 'REDAKSI', 2),
(661, 'UNDANG-UNDANG PERADILAN UMUM DAN PERADILAN TATA USAHA NEGARA ED. 2010', '', NULL, 'FOKUSINDO MANDIRI', 'REDAKSI', 4),
(662, 'UNDANG-UNDANG PILPRES 2008 (UU NO.42 TH 2008)', '', NULL, 'SINAR GRAFIKA', '-', 3),
(663, 'UNDANG-UNDANG R.I. NOMOR 39 TAHUN 2007 TENTANG CUKAI', '9786028004022', NULL, 'CITRA UMBARA', 'REDAKSI', 2),
(664, 'UNDANG-UNDANG R.I. NOMOR 40 TAHUN 2007 & PERATURAN PEMERINTAH R.I. TAHUN 2009 TENTANG PERSEROAN TERBATAS', '9789791909037', NULL, 'KESINDO UTAMA', 'REDAKSI', 2),
(665, 'UNDANG-UNDANG REPUBLIK INDONESIA NOMOR 20 TAHUN 2003 TENTANG SISTEM PENDIDIKAN NASIONAL', '9786029558135', NULL, 'BENING', 'ANONIM,', 2),
(666, 'UNDANG-UNDANG REPUBLIK INDONESIA NOMOR 22 TAHUN 2009 TENTANG LALU LINTAS DAN ANGKUTAN JALAN', '9786029557541', NULL, 'BENING', 'TIM PENERBIT,', 2),
(667, 'UNDANG-UNDANG RI NO.23/2004/TTG:PENGHAPUSAN KEKERASAN DALAM RUMAH TANGGA', '', NULL, 'SINAR GRAFIKA', 'REDAKSI', 2),
(668, 'UNDANG-UNDANG RI NO.40 TH.2004 TENTANG SISTEM JAMINAN SOSIAL NASIONAL', '', NULL, 'SINAR GRAFIKA', '-', 3),
(669, 'UNDANG-UNDANG RI NO.42 TH 2008 TTG PEMILIHAN UMUM PRESIDEN DAN WAKIL PRESIDEN + BUKU PERATURAN KPU', '', NULL, 'GRAHA ILMU', 'REDAKSI', 3),
(670, 'UNDANG-UNDANG SISDIKNAS', '', NULL, 'CITRA UMBARA BANDUNG', '', 5),
(671, 'UNDANG-UNDANG SISDIKNAS (SISTEM PENDIDIKAN NASIONAL)', '9789790072384', NULL, 'SINAR GRAFIKA', 'TIM REDAKSI SINAR GRAFIKA,,', 2),
(672, 'UNDANG-UNDANG SISDIKNAS 2003 SISTEM PENDIDIKAN NASIONAL (TAMBAHAN 2008', '', NULL, 'SINAR GRAFIKA', 'TIM REDAKSI SINAR GRAFIKA,,', 2),
(673, 'UNDANG-UNDANG TENTARA NASIONAL INDONESIA ED. TERBARU', '9786029831207', NULL, 'FOKUSINDO MANDIRI', 'TIM REDAKSI', 2),
(674, 'UNDANG-UNDANG WILAYAH NEGARA', '', NULL, 'FOKUS MEDIA BANDUNG', '', 5),
(675, 'URGENSI PERLINDUNGAN KORBAN KEJAHATAN', '9797691039', NULL, 'RAJAWALI PERS', 'DIKDIK M. ARIEF MANSUR, DRS., S.H., M.M.ELISATRIS GULTOM S.H., M.H.', 3),
(676, 'UU pajak pertambahan nilai', '', NULL, 'Fokusmedia', 'Anonim', 4),
(677, 'UU PELAYANAN PUBLIK', '', NULL, 'FOKUS MEDIA BANDUNG', '', 5),
(678, 'UU RI NO.3/1997 TTG:PERADILAN & PERLINDUNGAN ANAK', '', NULL, 'LITERA MEDIA CENTER', '-', 3),
(679, 'UU RI nomer 20 tahun 2008 ttg usaha mikro,kecil', '', NULL, 'Citra umbara', 'Anonim', 4),
(680, 'UU RI NOMOR 23 TAHUN 2004 & PERMEN NEGARA TAHUN 2010 TENTANG PENGHAPUSAN KEKERASAN DALAM RUMAH TANGGA (KDRT) ED. 2011', '9789793966154', NULL, 'ANFAKA PERDANA', 'TIM REDAKSI', 3),
(681, 'UUD (yayasan,perkoperasian,pokok-pokok koperasi)', '', NULL, 'Media Centre', 'Anonim', 6),
(682, 'Wawasan Nusantara ', '', NULL, 'Alumni ', 'Prof.Mr.St.Munadjat Danusaputro', 4),
(683, 'Wortel (teknik budi daya dan analisis usaha tani)', '', NULL, 'Kanisius', 'ir.bambang cahyono', 5),
(684, 'YURISPRUDENSI HUKUM ACARA PERDATA BAG.2 (TENTANG PIHAK2 DALAM PERKARA)', '', NULL, 'SINAR GRAFIKA', 'Soeroso', 2),
(685, 'YURISPRUDENSI HUKUM ACARA PERDATA BAG.3 (TENTANG GUGATAN DAN SURAT GUGATAN)', '', NULL, 'SINAR GRAFIKA', 'Soeroso', 2),
(686, 'YURISPRUDENSI HUKUM ACARA PERDATA BAG.4 (TENTTANG PEMBUKTIAN)', '', NULL, 'SINAR GRAFIKA', 'Soeroso', 2),
(687, 'test', '', NULL, 'pub', 'auth', 4);

INSERT INTO catalogue_status (id, status) VALUES
(1, 'Available'),
(2, 'Not Available'),
(3, 'Unknown');


INSERT INTO library_config (id, name, value) VALUES
(1, 'maxBorrowingDay', '14'),
(2, 'maxRenewalCount', '2'),
(3, 'finePerDay', '500'),
(4, 'dateFormat', 'dd-MM-yyyy'),
(5, 'maxBorrowedBook', '5')
;

update student set nim = trim(nim),name = trim(name);

SELECT MAX(id) FROM book;
SELECT nextval('book_seq');
SELECT setval('book_seq', (SELECT MAX(id) FROM book));
# --- !Downs
delete from userx;
delete from faculty;
delete from student;
delete from book;
delete from catalogue_status;
delete from library_config;
